顾客编号,月份,消费额,次数
0,1,11.05,4
0,4,13.6,1
1,1,12.3,4
1,2,30.3,3
2,1,48.7,12
2,2,30.0,10
3,1,67.39,9
3,2,360.97,17
3,3,68.87,16
3,4,49.28,10
4,1,27.900000000000002,4
4,4,154.94,14
5,1,57.6,7
5,3,33.5,4
5,4,48.34,4
6,1,23.990000000000002,3
6,2,65.67,8
6,3,11.5,1
6,4,49.14,9
7,1,138.37,6
7,3,61.49,8
7,4,52.07,11
8,1,190.49,12
8,3,111.85,11
8,4,74.72,5
9,1,80.4,9
10,1,220.63000000000002,16
10,3,117.03,11
11,1,50.300000000000004,9
12,1,677.89,77
12,2,531.95,30
12,3,391.52,47
12,4,236.83,25
13,1,158.29999999999998,16
13,2,9.7,1
13,3,160.72,18
13,4,314.14,33
14,1,298.21999999999997,16
15,1,313.88,17
16,1,139.98999999999998,11
16,2,246.1,8
17,1,240.77,48
17,2,284.65,27
17,3,45.019999999999996,9
17,4,52.8,11
18,1,32.44,4
19,1,223.06,19
19,4,42.9,6
20,1,117.78,22
20,2,122.24000000000001,20
20,3,24.21,4
20,4,131.36,13
21,1,74.66,15
21,2,111.1,3
21,3,47.760000000000005,15
21,4,13.88,5
22,1,93.78999999999999,7
23,1,16.2,2
24,1,178.13,41
24,2,144.58,30
24,3,353.82,66
24,4,177.28,22
25,1,38.51,2
26,1,184.39,18
26,2,59.7,3
27,1,81.59,7
28,1,13.9,2
29,1,20.5,3
30,1,53.02,3
31,1,173.08,36
31,2,59.5,11
31,3,176.26,45
31,4,195.03,22
32,1,415.04,52
32,2,388.21999999999997,43
32,3,175.76,32
32,4,203.84,34
33,1,219.70000000000002,9
34,1,217.61,30
34,2,190.1,37
34,3,308.7,33
34,4,302.0,28
35,1,80.92,12
36,1,42.72,4
36,4,144.1,9
37,1,102.76,19
37,2,283.9,30
37,4,21.6,4
38,1,234.45,22
38,2,145.35,13
38,4,95.02,14
39,1,155.8,29
39,2,45.36,10
39,3,245.99,31
39,4,69.18,12
40,1,32.65,6
40,2,303.85,14
41,1,38.43,9
41,2,40.13,1
42,1,27.65,4
42,4,96.81,12
43,1,55.8,5
43,2,48.83,7
43,4,113.2,5
44,1,100.7,27
44,2,59.88,7
44,3,29.82,8
45,1,12.5,5
46,1,88.66,9
46,2,12.46,4
46,3,60.63,13
46,4,89.93,19
47,1,550.65,90
47,2,39.29,7
47,3,452.84000000000003,61
47,4,301.64,34
48,1,3.4299999999999997,3
48,3,17.75,5
49,1,253.12,38
49,3,206.81,17
49,4,146.16,17
50,1,51.8,4
50,2,17.5,2
50,4,24.599999999999998,3
51,1,519.72,124
51,2,126.81,32
51,3,73.58,19
51,4,187.99,38
52,1,307.27,38
52,2,2025.08,141
52,3,381.51,51
52,4,875.29,62
53,1,35.44,2
54,1,54.29,3
55,1,99.84,8
55,3,28.78,6
55,4,139.1,17
56,1,103.02,13
56,2,18.3,2
56,3,214.56,10
56,4,26.270000000000003,2
57,1,61.3,6
57,2,76.25,12
57,3,25.45,3
57,4,33.3,5
58,1,126.9,14
58,4,118.93,18
59,1,13.84,4
60,1,45.730000000000004,7
60,2,31.6,7
60,4,97.11,17
61,1,75.51,23
61,2,196.88,27
61,3,67.26,20
61,4,290.17,47
62,1,296.12,17
62,4,100.65,14
63,1,35.07,7
64,1,232.22,30
64,2,72.66,12
64,3,104.01,8
64,4,45.5,8
65,1,23.150000000000002,6
65,3,32.1,3
66,1,141.38,9
67,1,6.8,1
67,4,127.5,12
68,1,195.39000000000001,26
68,2,162.2,10
68,3,60.22,7
68,4,206.12,19
69,1,88.3,10
70,1,149.89,33
70,2,73.7,13
70,3,74.57000000000001,11
70,4,11.07,2
71,1,173.31,30
71,2,11.15,5
72,1,739.53,58
72,2,196.0,1
73,1,352.8,32
73,2,296.35,31
73,3,208.95,18
73,4,239.29,31
74,1,682.81,52
74,2,137.3,13
74,3,316.8,15
74,4,541.46,37
75,1,185.4,30
75,2,19.64,6
75,3,181.15,40
75,4,214.87,32
76,1,246.99,33
76,2,31.8,6
76,4,74.84,10
77,1,100.9,14
77,3,12.4,3
78,1,338.93,15
78,2,503.51,33
78,3,59.47,7
78,4,21.189999999999998,8
79,1,26.89,6
80,1,199.4,9
81,1,257.47,31
81,2,254.07,46
81,3,273.8,26
81,4,211.13,26
82,1,34.480000000000004,6
82,4,64.86,3
83,1,89.85000000000001,13
84,1,396.69,38
84,2,416.6,26
84,3,232.10000000000002,10
84,4,413.24,33
85,1,26.18,3
85,3,82.11,5
86,1,197.3,7
86,4,68.46000000000001,7
87,1,351.89,29
87,2,123.47999999999999,6
87,3,250.81,22
87,4,173.08,29
88,1,102.88,14
88,2,190.01000000000002,8
88,3,71.72,13
89,1,26.5,5
90,1,197.23,22
90,2,284.99,24
90,4,42.3,5
91,1,377.5,43
91,2,98.34,9
91,3,96.14,11
91,4,576.19,44
92,1,1020.22,98
92,2,215.03,28
92,4,111.27,16
93,1,260.28,43
93,2,112.92,21
93,3,222.53,31
93,4,277.23,42
94,1,361.5,33
94,3,33.2,5
95,1,36.84,9
95,2,62.16,13
95,3,63.36,15
95,4,50.63,6
96,1,73.82,15
97,1,7.11,3
98,1,22.700000000000003,3
99,1,214.24,7
99,4,90.7,7
100,1,44.72,2
101,1,21.9,4
102,1,90.19,21
102,2,162.88,39
102,3,152.58,16
102,4,161.9,13
103,1,137.43,9
103,3,33.730000000000004,8
104,1,91.38,9
104,3,118.69,8
105,1,348.32,61
105,2,121.47999999999999,33
105,3,79.76,8
105,4,149.59,15
106,1,183.1,14
106,2,72.71000000000001,10
106,3,32.57,6
106,4,117.78999999999999,18
107,1,215.45999999999998,15
107,2,438.90000000000003,11
107,3,61.75,7
107,4,44.75,3
108,1,677.53,84
108,2,671.75,17
108,3,514.06,43
108,4,485.88,29
109,1,24.7,4
109,2,73.6,6
110,1,103.12,14
111,1,17.85,2
111,4,162.43,6
112,1,44.39,4
113,1,129.92,19
113,2,138.51,19
113,3,34.54,9
113,4,402.41,35
114,1,188.29,17
115,1,109.61,12
115,4,23.42,1
116,1,112.6,2
117,1,260.96,9
117,3,32.0,5
117,4,19.47,5
118,1,85.66,10
118,2,61.28,4
118,3,202.4,14
119,1,148.52,11
119,2,235.24,25
119,3,239.47,20
119,4,112.61,8
120,1,58.370000000000005,3
121,1,193.15,16
121,2,14.9,2
121,3,80.52000000000001,11
121,4,142.67000000000002,19
122,1,75.18,5
122,2,41.54,8
122,3,36.11,6
123,1,42.57,3
124,1,23.96,6
125,1,10.9,1
126,1,143.93,7
126,2,261.07,7
126,3,170.06,14
127,1,435.62,72
127,2,63.55,6
127,3,221.62,28
127,4,172.31,23
128,1,94.1,17
129,1,172.52,14
130,1,103.67,16
130,2,44.35,15
130,4,117.08,14
131,1,152.5,11
132,1,64.8,11
132,2,119.4,8
133,1,115.13,26
133,4,375.53,37
134,1,175.32,20
134,2,55.400000000000006,7
134,3,137.56,12
134,4,134.44,18
135,1,55.31,5
136,1,45.26,6
137,1,57.83,13
138,1,31.78,2
139,1,148.25,19
139,2,471.09,20
139,3,269.92,29
139,4,69.21000000000001,6
140,1,170.41,31
141,1,35.72,5
142,1,301.47,52
142,2,295.26,41
142,3,246.34,25
142,4,255.04999999999998,28
143,1,91.51,11
143,2,127.8,1
143,4,85.3,5
144,1,271.21999999999997,43
144,2,462.86,46
144,3,149.36,18
144,4,224.29,21
145,1,202.05,17
145,2,203.03,14
145,3,420.22,32
145,4,243.15,15
146,1,233.62,38
146,2,161.17000000000002,13
146,3,30.95,7
146,4,65.85,15
147,1,59.7,1
147,2,35.300000000000004,6
148,1,31.799999999999997,2
149,1,101.81,13
150,1,3.0300000000000002,2
150,4,105.78,10
151,1,400.94,41
151,2,102.5,4
151,4,177.38,30
152,1,60.19,15
152,2,25.39,5
152,3,27.65,2
152,4,12.260000000000002,3
153,1,219.89,16
153,3,86.0,8
154,1,53.82000000000001,6
155,1,89.1,9
156,1,141.77,20
156,2,12.96,3
156,3,51.32,8
156,4,110.09,19
157,1,12.440000000000001,3
157,3,22.8,3
158,1,21.9,4
159,1,59.75,10
159,2,440.4,5
160,1,59.129999999999995,2
160,2,66.49000000000001,4
161,1,27.28,3
162,1,106.51,13
162,3,147.92000000000002,8
163,1,161.87,20
163,2,102.17,10
163,4,47.400000000000006,4
164,1,196.71,27
164,3,114.24000000000001,19
164,4,274.76,17
165,1,40.95,2
166,1,40.480000000000004,4
166,3,23.78,6
166,4,3.5,1
167,1,133.56,10
167,3,69.17999999999999,10
167,4,84.56,8
168,1,65.29,8
168,2,80.30000000000001,6
168,3,71.14,14
168,4,44.34,7
169,1,43.82,6
169,3,67.24,5
170,1,7.3,1
171,1,47.34,6
171,2,48.37,11
172,1,180.18,13
172,2,373.1,7
172,3,48.94,3
172,4,34.92,3
173,1,73.3,3
173,2,53.7,5
174,1,402.83,60
174,2,64.51,6
174,3,516.91,46
174,4,249.91,34
175,1,106.60000000000001,4
176,1,59.32000000000001,7
176,2,33.82,8
176,4,35.47,8
177,1,243.95,18
177,2,131.97,7
177,3,105.3,6
178,1,20.200000000000003,2
179,1,145.53,6
179,3,136.16,15
179,4,109.39,10
180,1,42.01,4
180,2,2.7,1
180,4,22.990000000000002,3
181,1,378.66,46
181,2,135.42000000000002,14
181,4,143.66,13
182,1,44.9,2
182,2,92.48,6
183,1,120.75999999999999,17
183,2,295.21,29
183,3,41.44,6
183,4,70.4,8
184,1,56.69,5
185,1,22.37,5
185,3,17.16,2
186,1,34.51,8
187,1,149.34,22
187,3,31.66,6
188,1,158.34,22
189,1,78.47999999999999,10
189,2,101.30000000000001,5
189,3,11.5,1
189,4,152.32999999999998,3
190,1,294.78,29
190,2,37.43,10
190,3,171.83,24
190,4,263.2,24
191,1,54.6,10
191,2,25.9,2
191,3,89.6,5
192,1,19.5,3
193,1,28.11,6
194,1,46.44,3
195,1,20.33,2
196,1,225.95,28
196,3,70.99,11
197,1,293.06,19
198,1,102.72,20
198,4,97.17,6
199,1,49.54,17
199,2,134.96,16
199,3,13.780000000000001,3
199,4,80.85,10
200,1,19.09,3
200,4,26.849999999999998,4
201,1,60.5,9
201,2,132.27,9
201,3,60.93000000000001,7
201,4,24.1,5
202,1,30.6,5
203,1,375.5,24
203,2,6.5,1
203,3,85.6,3
204,1,169.46,33
204,2,50.38,8
204,3,142.74,21
204,4,94.78,25
205,1,365.96000000000004,60
205,2,138.37,18
205,3,205.41,20
205,4,178.56,27
206,1,38.1,3
207,1,70.38,13
207,3,84.49,16
207,4,6.92,3
208,1,54.7,4
209,1,52.35,8
209,3,26.83,5
209,4,36.65,6
210,1,339.44,59
210,2,596.86,72
210,3,673.47,78
210,4,379.96,56
211,1,91.61,7
212,1,374.82,43
212,2,277.11,44
212,3,186.76,29
212,4,250.89000000000001,21
213,1,42.199999999999996,2
214,1,134.0,6
215,1,151.85,27
215,2,149.66,20
215,3,260.24,46
215,4,296.27,35
216,1,91.10000000000001,14
217,1,77.24,23
218,1,121.27,18
219,1,18.4,3
219,4,7.6,1
220,1,178.93,15
220,2,34.7,7
220,3,145.3,14
220,4,147.76,16
221,1,57.28,6
221,2,489.03,13
221,3,79.3,11
221,4,77.74000000000001,2
222,1,14.919999999999998,3
223,1,348.65,53
223,2,21.009999999999998,7
223,3,254.11,46
223,4,120.59,22
224,1,65.7,3
225,1,32.0,3
226,1,107.83,17
226,2,113.2,5
226,3,302.23,20
226,4,81.27000000000001,6
227,1,82.69,18
227,2,34.39,8
227,3,55.47,13
227,4,155.14,21
228,1,142.28,17
228,2,30.71,9
228,3,22.15,3
229,1,62.57,11
229,4,24.72,3
230,1,154.3,8
231,1,333.0,40
231,2,332.25,44
231,3,592.59,58
231,4,245.57,26
232,1,11.5,3
232,4,18.8,2
233,1,27.9,1
233,2,82.3,12
234,1,16.5,2
235,1,133.1,16
235,2,182.7,16
235,3,187.41,15
235,4,125.6,13
236,1,29.0,8
236,2,177.13,24
236,3,132.52,23
236,4,390.99,31
237,1,79.35,9
237,2,22.419999999999998,4
238,1,106.8,16
238,2,95.05,14
238,3,63.38,10
238,4,168.10999999999999,17
239,1,18.5,2
240,1,110.67999999999999,12
241,1,42.5,8
241,2,115.03999999999999,16
241,3,68.43,7
241,4,64.0,7
242,1,249.67,37
242,2,41.34,4
242,3,74.22,11
242,4,100.25,13
243,1,43.7,3
243,4,16.9,1
244,1,73.66,8
244,3,14.34,5
244,4,76.04,10
245,1,21.53,2
246,1,144.03,16
247,1,193.98,30
248,1,171.07999999999998,17
249,1,572.15,53
249,2,342.92,23
250,1,202.51,25
250,3,285.98,29
250,4,585.65,43
251,1,29.200000000000003,4
251,4,27.580000000000002,4
252,1,65.1,4
253,1,13.9,2
253,2,18.14,2
253,4,98.19,11
254,1,23.7,4
255,1,181.1,17
255,2,75.69,7
255,4,331.11,30
256,1,275.62,33
256,2,15.16,3
256,3,147.38,11
257,1,8.67,2
258,1,203.72,19
258,2,94.3,7
258,3,37.62,4
258,4,82.2,7
259,1,120.73,9
260,1,24.57,8
260,2,94.13,21
260,3,55.95,22
260,4,426.71,59
261,1,103.99,20
261,2,125.89,22
261,3,57.25,10
261,4,160.16,29
262,1,21.9,1
262,2,44.9,4
263,1,18.62,4
264,1,186.94,19
264,2,30.35,6
265,1,253.81,25
265,2,237.01,18
265,3,92.36,10
265,4,247.05,27
266,1,163.21,24
266,4,165.79,14
267,1,310.5,26
267,2,117.47,13
267,3,131.79,27
267,4,94.37,10
268,1,81.85,8
268,3,87.15,12
269,1,218.66,21
269,3,184.82,26
269,4,34.21,5
270,1,211.53,36
270,2,196.15,10
270,3,144.57,25
270,4,98.25,15
271,1,81.68,9
271,2,90.31,10
271,3,130.12,4
271,4,5.9,1
272,1,89.1,3
273,1,74.5,7
273,2,73.3,5
274,1,366.05,42
274,3,145.4,15
274,4,231.11,25
275,1,15.55,3
276,1,36.04,7
277,1,117.14,13
277,2,487.5,11
278,1,199.22,8
278,3,25.51,2
278,4,66.19999999999999,3
279,1,20.62,3
279,2,21.759999999999998,5
279,4,61.95,12
280,1,127.95,29
280,2,48.0,7
281,1,67.3,18
281,2,9.2,2
281,3,30.94,7
281,4,81.49,16
282,1,23.2,2
283,1,51.8,2
284,1,62.13,13
284,2,46.42,12
284,3,249.98000000000002,40
284,4,121.72999999999999,16
285,1,12.59,3
286,1,367.31,14
286,2,282.79,17
286,3,139.75,12
286,4,198.23,29
287,1,70.87,15
287,2,95.49,10
287,3,108.63,20
287,4,30.3,6
288,1,4.5,1
288,4,21.1,3
289,1,4.16,2
289,4,26.9,1
290,1,77.9,3
291,1,77.59,7
292,1,18.35,3
292,4,4.9,1
293,1,42.24,10
294,1,315.0,22
294,3,73.9,8
294,4,129.76,14
295,1,20.6,7
296,1,55.86,3
297,1,126.3,8
297,3,677.0,23
297,4,185.63,6
298,1,21.6,6
298,2,243.26,16
298,3,19.4,2
298,4,5.699999999999999,2
299,1,156.5,17
300,1,131.37,13
300,2,142.95,13
300,3,96.03,15
300,4,62.4,12
301,1,107.09,22
301,2,97.6,4
302,1,50.2,11
303,1,63.019999999999996,8
303,2,155.29,21
303,3,48.0,7
303,4,273.76,36
304,1,534.67,56
304,2,166.43,18
304,3,233.98,22
304,4,538.16,63
305,1,34.2,6
306,1,97.22,17
306,2,29.900000000000002,5
306,3,140.67000000000002,17
306,4,80.7,8
307,1,35.76,10
307,4,5.09,2
308,1,276.39,27
308,2,18.0,2
308,3,44.1,10
308,4,30.6,2
309,1,152.86,30
309,2,162.73,23
309,3,195.57,22
309,4,89.89999999999999,10
310,1,105.66,6
310,3,22.3,3
310,4,65.23,6
311,1,183.65,19
311,3,66.79,9
311,4,55.15,11
312,1,188.8,3
313,1,27.5,9
313,2,100.62,13
313,3,77.81,4
314,1,76.13,19
315,1,57.18,6
316,1,648.5500000000001,22
316,2,86.50999999999999,10
316,3,103.16,8
316,4,49.0,1
317,1,55.04,15
317,2,250.29,32
317,3,39.12,10
318,1,120.35,10
318,2,401.34,25
318,3,257.84,25
318,4,74.5,5
319,1,7.050000000000001,2
320,1,16.8,2
320,2,41.96,4
321,1,61.25,8
321,3,92.59,10
322,1,16.81,3
323,1,45.5,5
324,1,8.5,2
325,1,85.89,5
325,4,80.61,5
326,1,351.0,22
326,2,163.89999999999998,17
326,3,60.75,7
326,4,160.6,16
327,1,96.33,19
327,3,74.9,13
327,4,31.15,5
328,1,78.69999999999999,5
328,2,26.0,5
329,1,155.0,2
329,3,141.79,7
329,4,16.71,3
330,1,38.72,3
330,3,66.67,5
330,4,67.72999999999999,5
331,1,62.59,11
331,3,4.8,3
331,4,117.73,15
332,1,182.5,23
333,1,145.29999999999998,11
334,1,97.4,13
335,1,33.56,4
336,1,36.8,2
336,2,64.68,12
336,4,26.31,6
337,1,56.74,8
337,2,221.38,27
337,3,61.57,9
337,4,163.17000000000002,12
338,1,72.7,3
339,1,88.48,17
339,2,77.16,15
339,3,96.8,26
339,4,61.08,15
340,1,105.0,1
341,1,9.9,2
341,3,110.88,8
342,1,23.41,7
342,2,13.21,6
343,1,38.0,4
343,4,48.47,7
344,1,177.87,27
344,2,27.72,5
344,3,190.43,28
344,4,103.1,26
345,1,93.14,9
346,1,294.45,28
346,3,26.57,7
347,1,54.989999999999995,8
347,2,125.48,13
347,3,41.589999999999996,6
347,4,211.18,21
348,1,80.49000000000001,12
348,2,118.41,9
348,3,290.94,26
348,4,599.39,41
349,1,74.47,10
350,1,57.4,7
350,3,47.13,5
350,4,34.3,5
351,1,91.5,10
352,1,228.18,34
352,2,68.0,8
352,3,12.93,2
352,4,211.66,27
353,1,173.75,13
353,2,144.74,12
353,3,117.21,12
353,4,52.8,3
354,1,238.15,16
354,2,70.35,13
354,3,79.85,4
354,4,116.17,7
355,1,215.49,23
355,2,194.85,25
356,1,53.62,5
357,1,150.55,12
357,3,59.24,7
358,1,45.81,5
359,1,30.22,3
360,1,25.43,5
361,1,90.4,7
361,2,59.3,4
362,1,164.6,11
363,1,27.7,4
364,1,17.33,2
365,1,200.89,19
365,2,33.19,6
365,3,102.68,11
365,4,145.3,9
366,1,3.25,3
367,1,116.28,12
367,4,33.07,5
368,1,92.4,10
368,2,52.96,2
368,3,46.0,10
368,4,31.56,5
369,1,32.29,3
369,2,100.0,9
370,1,51.07,4
371,1,46.61,13
371,2,28.03,6
371,3,66.99000000000001,8
371,4,200.18,28
372,1,470.62,32
372,2,321.14,34
372,3,314.78000000000003,43
372,4,412.34000000000003,62
373,1,143.17000000000002,12
373,2,5.16,2
373,3,90.4,10
373,4,14.9,1
374,1,271.9,30
374,3,61.629999999999995,10
375,1,142.23,6
375,2,63.24,10
375,4,60.730000000000004,5
376,1,38.7,5
376,3,18.42,4
377,1,335.93,18
377,2,492.8,12
378,1,136.0,11
378,2,176.5,5
378,4,41.900000000000006,4
379,1,31.27,10
380,1,32.16,5
380,2,249.31,26
380,4,89.1,14
381,1,125.12,13
381,2,69.64,16
381,3,27.3,7
381,4,190.62,23
382,1,159.4,10
382,2,71.59,15
382,4,156.2,6
383,1,44.3,12
383,2,92.03,13
383,3,87.67,6
383,4,78.1,3
384,1,32.5,6
385,1,72.6,13
385,2,38.88,6
385,3,27.73,4
385,4,124.27,19
386,1,70.02,9
386,2,64.7,2
387,1,90.04,15
387,3,132.68,19
388,1,166.5,9
388,2,42.3,7
388,4,61.38,7
389,1,72.66,6
389,2,116.14999999999999,8
389,4,161.08,6
390,1,33.72,6
390,2,24.200000000000003,3
391,1,56.07,4
392,1,51.5,7
393,1,53.13,3
394,1,140.2,18
395,1,251.63,25
395,2,410.39,39
395,3,542.02,49
395,4,616.16,62
396,1,129.84,32
396,2,34.68,11
396,3,209.92,20
396,4,125.52,10
397,1,113.0,19
397,2,70.78,11
397,3,137.95,13
397,4,52.15,15
398,1,79.1,13
398,2,45.910000000000004,6
398,3,135.3,24
398,4,331.51,53
399,1,185.65,4
400,1,128.36,27
400,2,238.59,31
400,3,250.05,52
400,4,234.95,34
401,1,49.42,4
402,1,47.04,6
402,2,88.82,7
402,3,198.76,15
402,4,49.5,10
403,1,210.59,8
403,3,135.74,8
404,1,114.56,8
404,2,212.04,22
404,3,38.58,4
404,4,219.43,20
405,1,76.25,16
405,3,104.53,14
405,4,106.13,13
406,1,37.89,3
407,1,38.699999999999996,7
408,1,80.87,9
408,3,105.06,13
408,4,111.59,22
409,1,41.67,4
409,2,27.64,9
409,4,87.38,11
410,1,21.299999999999997,2
411,1,52.22,10
411,2,70.85,10
411,3,42.660000000000004,7
411,4,90.75,11
412,1,82.75,14
412,2,247.03,10
412,3,46.71,8
412,4,24.200000000000003,2
413,1,42.0,1
414,1,20.8,2
415,1,214.93,19
415,2,54.92,6
415,3,86.62,13
415,4,58.07,3
416,1,200.67,5
417,1,171.23,12
418,1,11.9,3
418,4,5.79,2
419,1,27.9,6
419,3,39.1,7
420,1,22.79,4
421,1,174.89,17
421,2,39.22,3
421,3,17.78,4
421,4,152.01999999999998,17
422,1,2.89,1
423,1,191.5,14
423,4,81.54,12
424,1,208.59,24
425,1,111.36,13
425,2,122.96000000000001,8
426,1,43.480000000000004,5
427,1,46.33,2
428,1,26.7,7
429,1,132.29,16
430,1,41.8,6
431,1,106.42,10
431,2,89.43,5
431,3,55.85,4
431,4,63.34,5
432,1,124.03,6
433,1,190.77,24
433,3,34.3,5
434,1,83.74,9
434,2,58.8,1
434,3,35.4,5
434,4,33.7,3
435,1,75.06,14
435,2,34.1,5
435,3,21.1,5
436,1,119.91,15
437,1,166.67,18
437,3,18.81,3
437,4,75.57000000000001,11
438,1,230.21,17
438,2,916.4,13
439,1,40.9,1
439,2,248.87,17
439,3,64.19,6
439,4,109.03999999999999,16
440,1,72.17,8
440,2,127.38999999999999,11
440,3,91.71,7
440,4,30.57,5
441,1,308.08,51
441,3,136.97000000000003,11
441,4,75.01,13
442,1,52.83,4
442,2,22.700000000000003,2
442,3,58.599999999999994,7
442,4,17.7,3
443,1,8.59,3
443,2,201.9,3
443,3,57.56,8
443,4,102.35000000000001,22
444,1,15.600000000000001,2
444,2,129.6,19
444,3,85.61,9
444,4,42.35,7
445,1,30.15,8
445,3,12.74,3
446,1,37.2,4
447,1,14.8,2
447,3,27.64,3
447,4,82.96000000000001,10
448,1,10.9,1
449,1,17.1,3
450,1,27.200000000000003,2
450,3,362.12,35
450,4,49.92,8
451,1,37.05,5
452,1,19.9,1
453,1,81.98,9
453,2,95.62,7
453,3,139.83,7
453,4,46.99,8
454,1,106.97,21
454,2,211.59,29
454,3,75.62,13
454,4,451.38,61
455,1,21.8,1
456,1,78.0,1
456,2,54.9,1
457,1,27.880000000000003,5
457,3,39.449999999999996,5
458,1,46.3,7
458,2,72.03,10
459,1,96.1,14
459,2,11.9,2
459,4,41.64,9
460,1,90.6,4
461,1,178.54000000000002,26
461,2,189.23,34
461,3,290.26,48
461,4,187.16,22
462,1,29.4,3
463,1,76.9,1
464,1,151.99,23
464,3,175.4,20
464,4,296.91,17
465,1,51.03,8
465,2,113.22,9
465,4,49.41,5
466,1,221.91,18
466,2,86.06,9
466,3,38.39,2
466,4,28.900000000000002,3
467,1,88.6,4
468,1,74.67,13
469,1,110.07,23
469,2,89.17,8
469,3,304.15,22
470,1,43.5,7
470,2,77.8,4
470,4,50.9,1
471,1,116.35,16
472,1,28.8,7
472,2,80.7,3
473,1,54.95,3
474,1,222.37,23
474,2,90.98,14
474,3,9.5,3
474,4,126.62,17
475,1,4.7,3
476,1,53.86,16
476,2,11.370000000000001,2
476,3,67.15,18
476,4,41.65,8
477,1,80.19,11
478,1,26.22,8
479,1,44.400000000000006,7
480,1,13.2,6
480,2,23.950000000000003,3
480,3,74.69999999999999,9
481,1,47.1,4
481,3,65.60000000000001,13
482,1,104.92,17
482,2,57.7,13
482,3,26.7,6
483,1,37.65,3
483,2,99.39,15
483,3,263.27,26
483,4,30.14,4
484,1,136.41,17
484,2,155.69,11
484,3,298.19,32
484,4,132.17,21
485,1,31.729999999999997,3
485,2,118.2,13
486,1,167.67000000000002,4
487,1,59.37,12
487,2,116.88,18
487,3,157.92,22
487,4,15.9,5
488,1,75.85000000000001,9
488,2,10.3,1
488,4,50.7,3
489,1,33.37,10
489,3,101.03,5
490,1,29.700000000000003,4
490,2,142.84,5
491,1,36.11,3
491,4,65.75,7
492,1,70.66,5
492,3,203.25,12
493,1,17.259999999999998,3
494,1,25.380000000000003,2
495,1,21.78,3
495,2,32.67,2
496,1,133.8,2
496,3,222.8,2
497,1,175.02,26
497,2,94.88,19
497,3,29.94,12
497,4,22.7,5
498,1,31.799999999999997,2
498,2,91.0,7
499,1,121.7,12
499,2,26.6,3
499,4,161.8,24
500,1,82.4,4
501,1,60.7,6
501,2,96.46000000000001,10
501,3,34.57,4
501,4,44.66,6
502,1,48.22,3
503,1,67.46000000000001,14
504,1,20.34,3
505,1,17.45,2
506,1,107.12,18
506,2,59.050000000000004,12
506,4,101.99,13
507,1,154.88,17
507,2,100.09,12
507,3,108.0,11
508,1,135.21,16
509,1,392.87,27
509,2,99.7,5
509,3,145.81,12
509,4,118.28999999999999,17
510,1,49.190000000000005,4
510,4,71.79,4
511,1,45.0,5
511,4,116.21000000000001,8
512,1,129.96,14
512,2,65.75,14
512,3,83.54,12
513,1,95.5,5
513,2,136.0,1
513,4,45.1,5
514,1,39.03,6
515,1,71.25,9
515,3,222.63,24
516,1,71.03,14
516,2,225.71,34
517,1,27.8,3
517,2,17.8,2
517,3,26.9,1
518,1,125.5,6
519,1,129.6,16
519,3,77.4,12
520,1,178.4,9
520,2,428.09999999999997,7
521,1,70.78,10
522,1,117.2,7
522,2,70.69999999999999,3
522,3,212.2,14
523,1,121.39999999999999,14
524,1,202.24,25
524,2,44.8,3
524,3,133.7,12
525,1,54.07,8
525,3,27.759999999999998,3
526,1,616.6,30
527,1,149.9,16
527,3,43.400000000000006,5
527,4,13.239999999999998,2
528,1,53.56,8
529,1,60.83,9
529,2,40.620000000000005,6
530,1,4.7,2
530,2,10.149999999999999,2
530,3,21.549999999999997,2
531,1,62.230000000000004,7
531,2,139.4,11
532,1,114.5,14
532,2,96.60000000000001,10
532,3,90.9,7
533,1,193.24,14
533,2,222.14,9
533,3,19.8,2
533,4,69.54,13
534,1,29.700000000000003,6
534,4,19.6,3
535,1,146.2,3
536,1,26.9,1
537,1,78.65,4
537,3,38.08,10
538,1,21.42,3
538,2,357.06,13
538,3,257.34999999999997,18
539,1,209.4,7
539,2,207.24,15
540,1,30.38,2
541,1,19.3,1
542,1,85.88,15
542,2,156.05,21
542,3,20.02,6
542,4,187.74,25
543,1,25.9,1
543,2,32.8,2
544,1,11.3,1
545,1,69.08,7
546,1,53.81,4
546,2,59.76,12
546,3,35.23,3
547,1,171.68,24
547,3,225.43,39
547,4,356.13,26
548,1,53.01,7
548,2,63.24,11
548,3,127.14,16
548,4,191.72,27
549,1,56.58,8
549,2,52.3,12
550,1,86.5,2
551,1,276.05,35
551,3,131.7,10
551,4,83.62,13
552,1,74.13,7
553,1,226.58,37
553,2,327.15,44
553,3,229.32,29
553,4,279.51,27
554,1,176.98,32
554,2,102.72,23
554,3,165.13,28
554,4,57.68,11
555,1,55.0,2
556,1,379.37,32
556,2,150.73,19
557,1,31.6,2
557,2,80.69999999999999,3
558,1,59.489999999999995,10
559,1,52.44,9
559,2,57.55,3
560,1,142.42,21
561,1,35.72,7
562,1,2.9,2
562,2,121.56,20
562,3,18.9,1
562,4,4.21,2
563,1,203.41,33
563,2,145.33,21
563,3,153.52,24
563,4,101.72,20
564,1,62.83,11
564,3,75.9,2
565,1,31.400000000000002,6
566,1,51.8,4
566,2,122.08,12
566,4,126.5,10
567,1,18.6,1
568,1,38.8,5
568,2,206.8,4
569,1,3.0,1
569,2,50.48,8
569,3,77.66,12
569,4,11.59,3
570,1,210.79999999999998,6
571,1,79.4,4
572,1,28.55,6
572,2,5.38,2
572,4,89.02,14
573,1,221.87,10
573,2,164.76,22
573,3,104.9,2
573,4,36.0,1
574,1,36.6,8
575,1,156.78,11
575,2,68.44,11
576,1,63.72,10
576,2,32.2,7
576,3,13.82,3
577,1,38.33,3
578,1,129.29,9
578,3,27.94,9
578,4,58.17,16
579,1,65.5,5
579,2,39.43,5
580,1,9.2,2
581,1,28.490000000000002,7
581,2,17.6,2
581,3,42.699999999999996,3
581,4,6.8,2
582,1,29.9,1
582,4,87.0,10
583,1,7.9,1
584,1,65.8,8
585,1,3.29,1
586,1,109.9,1
587,1,51.7,5
587,2,61.24,9
588,1,128.68,15
588,3,156.94,11
589,1,136.83,14
590,1,126.15,9
590,2,52.599999999999994,10
590,3,46.099999999999994,7
590,4,74.94,13
591,1,77.8,15
591,3,80.58,11
591,4,105.31,21
592,1,127.56,22
592,2,219.64000000000001,39
592,3,222.36,38
592,4,44.7,6
593,1,24.54,7
593,2,41.089999999999996,14
593,3,55.38,11
593,4,56.25,10
594,1,147.99,24
595,1,40.81,9
595,2,150.6,4
596,1,105.14,9
596,2,224.10999999999999,14
597,1,154.01,12
597,2,30.16,3
597,3,64.34,8
597,4,76.25,9
598,1,65.84,8
598,4,58.14,12
599,1,63.699999999999996,2
599,2,81.98,7
599,4,55.51,12
600,1,50.8,5
600,2,100.6,15
600,3,11.9,3
601,1,212.47,9
601,2,15.77,7
601,3,20.1,2
601,4,82.34,17
602,1,50.59,9
603,1,65.64,5
604,1,115.96000000000001,9
604,2,17.18,4
604,3,117.44,14
604,4,174.76,18
605,1,46.92,7
606,1,10.35,4
607,1,118.47999999999999,8
608,1,469.2,2
608,3,89.8,5
609,1,135.25,21
609,2,166.61,19
609,3,419.36,38
609,4,291.44,39
610,1,60.4,5
610,2,63.06,7
610,3,11.43,7
611,1,33.12,5
612,1,63.150000000000006,4
613,1,96.0,1
613,2,412.78,11
614,1,103.4,18
614,2,152.75,15
614,3,118.33999999999999,14
614,4,150.79,21
615,1,51.660000000000004,7
615,2,18.700000000000003,2
615,3,9.1,3
615,4,15.8,3
616,1,100.1,5
616,2,119.78,11
617,1,90.42,11
617,2,25.62,4
617,4,76.66,17
618,1,28.66,2
619,1,159.5,19
619,2,277.72,19
619,3,410.87,21
619,4,73.7,8
620,1,133.01,9
620,3,85.52,12
621,1,237.99,36
621,2,110.53,14
621,3,51.92,7
622,1,132.9,16
622,4,98.7,10
623,1,19.62,4
623,3,41.1,7
623,4,10.57,3
624,1,27.25,9
624,3,37.34,8
625,1,111.25,17
625,3,62.49,12
626,1,26.96,3
626,2,187.65,12
626,3,144.13,6
626,4,77.78,9
627,1,36.38,4
627,2,196.39,8
627,3,16.09,7
627,4,98.07,11
628,1,261.6,23
628,2,299.09999999999997,21
629,1,50.72,9
629,3,291.1,12
630,1,117.0,30
630,2,57.2,15
631,1,16.86,3
632,1,28.1,3
633,1,18.5,4
634,1,133.06,12
634,2,35.54,5
635,1,176.4,12
636,1,54.099999999999994,5
636,3,149.39999999999998,3
636,4,131.21,15
637,1,90.62,18
637,3,68.05,5
637,4,103.87,16
638,1,8.8,3
639,1,35.5,5
640,1,43.66,6
640,3,56.26,9
640,4,30.3,6
641,1,14.8,2
642,1,126.01,26
642,2,65.4,10
642,3,151.1,19
642,4,128.49,29
643,1,31.77,6
644,1,108.41,14
644,2,4.4399999999999995,2
644,3,76.63,18
644,4,173.19,25
645,1,7.199999999999999,2
645,2,95.3,5
645,4,5.5,2
646,1,27.6,2
646,2,113.74000000000001,12
646,3,29.14,5
646,4,62.099999999999994,5
647,1,94.22,11
647,2,31.9,5
647,4,21.19,3
648,1,27.759999999999998,3
649,1,14.01,4
650,1,17.35,3
650,3,52.07,11
650,4,52.120000000000005,6
651,1,31.52,3
651,2,70.53999999999999,14
651,3,188.54,15
652,1,24.3,2
653,1,18.9,1
654,1,9.9,1
654,2,477.5,5
655,1,22.9,1
656,1,118.06,7
656,3,40.28,3
657,1,11.97,1
657,4,183.19,21
658,1,246.77,25
658,2,16.4,2
658,3,75.53,9
658,4,128.53,21
659,1,64.32,2
659,4,25.81,3
660,1,108.38,4
660,2,290.28,17
661,1,32.059999999999995,5
661,2,83.92,13
661,3,9.81,3
661,4,63.64,12
662,1,171.59,13
663,1,16.69,3
664,1,19.5,3
664,3,41.4,4
664,4,149.67,15
665,1,98.6,6
665,2,58.8,1
665,4,10.9,1
666,1,109.26,15
666,2,432.2,52
666,3,240.56,14
666,4,159.29,17
667,1,144.7,11
668,1,48.25,9
668,2,9.959999999999999,3
668,3,45.71,6
669,1,188.82999999999998,22
669,4,156.48,15
670,1,209.46,14
670,2,37.6,2
671,1,31.900000000000002,3
671,2,15.600000000000001,2
672,1,100.09,13
673,1,117.16,8
673,3,26.9,2
673,4,38.68,4
674,1,148.8,2
675,1,89.14,10
675,2,277.96,36
675,4,46.93,6
676,1,76.68,15
676,2,9.7,3
676,3,30.950000000000003,7
676,4,61.08,10
677,1,274.02000000000004,19
677,2,355.57,19
677,3,5.3,1
677,4,30.68,7
678,1,72.35,4
678,4,21.14,2
679,1,14.49,2
679,4,31.3,4
680,1,39.7,3
680,2,61.699999999999996,10
681,1,82.08,14
681,2,7.68,2
682,1,162.87,10
682,2,48.45,10
682,3,484.55,31
682,4,35.21,4
683,1,30.549999999999997,5
683,2,6.8100000000000005,4
683,3,13.72,2
683,4,27.6,5
684,1,57.6,11
684,2,164.42000000000002,21
684,3,59.599999999999994,3
684,4,31.439999999999998,6
685,1,24.9,2
686,1,68.92,6
687,1,90.91,16
687,2,296.1,12
688,1,73.8,2
689,1,61.34,9
689,3,53.519999999999996,8
689,4,155.26999999999998,14
690,1,56.7,3
691,1,72.25,9
692,1,19.650000000000002,3
693,1,61.2,3
693,2,24.8,3
693,3,12.84,1
694,1,24.62,6
694,4,9.9,1
695,1,19.9,1
696,1,48.96,13
697,1,88.28999999999999,8
697,3,78.5,5
697,4,45.5,3
698,1,115.75999999999999,9
698,2,148.37,14
698,3,294.44,36
698,4,76.06,9
699,1,72.0,1
700,1,94.81,4
701,1,12.9,1
701,3,34.8,1
702,1,49.29,7
703,1,11.17,1
704,1,65.9,2
704,3,14.600000000000001,2
704,4,46.33,4
705,1,55.68,1
706,1,52.72,6
706,2,203.41,7
706,4,129.07,18
707,1,3.3,1
708,1,59.61,8
709,1,85.92,9
710,1,90.2,9
711,1,208.03,16
712,1,53.0,7
712,4,50.35,4
713,1,54.010000000000005,13
713,4,29.53,2
714,1,10.0,1
714,2,12.629999999999999,5
715,1,26.700000000000003,6
716,1,57.5,12
716,2,689.45,54
716,4,65.0,8
717,1,52.4,2
718,1,89.55,17
718,2,48.9,2
718,3,309.59,4
718,4,15.3,4
719,1,32.6,6
719,4,108.52000000000001,3
720,1,23.4,3
721,1,77.89,13
721,4,43.620000000000005,9
722,1,66.81,15
722,2,34.910000000000004,10
722,3,19.13,5
723,1,81.27000000000001,11
724,1,100.94,6
725,1,24.32,4
726,1,41.9,2
726,2,309.12,40
727,1,45.85,7
727,4,28.13,4
728,1,28.9,2
728,4,46.9,11
729,1,104.6,18
729,2,284.53,26
729,3,31.7,6
729,4,153.2,17
730,1,174.70000000000002,12
730,3,274.59,20
730,4,398.07,40
731,1,7.01,2
731,2,41.04,18
731,3,30.01,7
731,4,33.75,9
732,1,162.24,29
732,2,34.57,8
732,3,55.17,11
732,4,253.03,29
733,1,94.64,12
733,2,103.91,16
733,3,107.38000000000001,10
733,4,154.46,20
734,1,21.79,11
735,1,51.239999999999995,5
736,1,88.65,7
736,2,36.7,2
736,3,81.97,9
736,4,47.0,1
737,1,113.79,7
738,1,46.61,5
738,2,27.0,2
738,3,16.0,1
739,1,25.8,3
739,2,308.43,14
740,1,6.0,1
740,2,79.81,8
740,3,21.43,5
740,4,95.32,12
741,1,54.41,4
741,2,41.09,8
741,4,16.48,3
742,1,53.03,7
743,1,56.4,5
743,2,18.9,2
744,1,21.77,6
745,1,232.79999999999998,22
745,2,111.72999999999999,5
745,4,188.49,6
746,1,677.3199999999999,19
746,4,90.55,5
747,1,118.9,8
748,1,33.8,4
748,2,128.8,4
748,4,52.4,6
749,1,118.47999999999999,18
750,1,176.39,21
750,2,67.47,9
750,4,51.52,6
751,1,45.120000000000005,5
751,4,223.0,15
752,1,117.53999999999999,6
752,2,208.06,17
752,3,177.1,11
752,4,119.89,16
753,1,35.79,6
753,2,20.23,3
753,4,79.59,9
754,1,73.01,15
754,2,19.86,4
754,4,148.76999999999998,9
755,1,53.95,10
755,3,65.03999999999999,4
755,4,42.6,7
756,1,131.67,8
757,1,38.95,6
757,2,31.62,10
757,3,41.32,9
758,1,291.04,45
758,2,308.24,42
758,3,284.27,43
758,4,162.38,20
759,1,35.1,4
759,4,44.5,7
760,1,23.83,4
761,1,14.55,7
761,2,51.9,9
761,3,321.93,21
761,4,66.30000000000001,6
762,1,8.78,5
763,1,125.55,12
763,2,227.77,30
763,3,225.39000000000001,28
763,4,195.43,25
764,1,50.1,7
764,4,56.0,6
765,1,33.18,4
765,4,38.4,9
766,1,39.45,6
766,3,68.46000000000001,12
766,4,179.0,25
767,1,18.64,5
768,1,40.01,9
769,1,40.19,8
769,2,55.45,13
769,3,199.65,25
769,4,100.32000000000001,17
770,1,88.9,2
770,2,48.7,3
770,3,173.72,11
770,4,149.3,8
771,1,17.43,6
772,1,41.980000000000004,11
773,1,13.0,2
773,2,69.7,8
773,3,19.1,3
773,4,11.74,3
774,1,218.9,3
774,2,107.5,7
774,4,30.53,6
775,1,15.6,2
776,1,16.990000000000002,2
777,1,38.82,3
777,3,8.9,1
777,4,24.62,4
778,1,11.0,2
779,1,58.46,6
779,3,35.9,3
779,4,9.49,2
780,1,95.45,8
780,2,16.9,1
780,3,167.0,14
780,4,29.24,5
781,1,25.16,6
782,1,32.92,3
782,2,631.2,5
782,3,137.27,14
782,4,59.21,5
783,1,63.65,18
783,2,46.949999999999996,5
783,3,251.31,35
783,4,270.74,31
784,1,42.4,4
785,1,168.38,15
785,2,63.550000000000004,15
785,3,45.49,6
785,4,40.0,7
786,1,43.08,3
786,2,82.86,5
786,4,69.08,9
787,1,138.43,10
787,2,121.95,6
787,3,141.52,12
787,4,64.8,3
788,1,80.92,13
788,4,96.64,10
789,1,110.39,6
789,3,102.4,4
790,1,103.13,16
791,1,205.89,16
791,3,54.0,6
791,4,180.55,20
792,1,61.47,7
792,2,189.07999999999998,7
792,3,195.24,8
792,4,34.8,1
793,1,26.300000000000004,3
794,1,82.57,4
795,1,52.370000000000005,9
795,2,10.7,3
795,3,6.7,1
796,1,206.5,17
796,2,613.47,59
796,3,133.2,3
796,4,163.96,22
797,1,48.0,7
797,4,60.5,8
798,1,2.96,1
799,1,45.92,6
800,1,44.39,7
800,2,18.9,1
801,1,43.28,10
801,3,44.11,4
802,1,26.5,4
803,1,84.1,11
803,2,430.46000000000004,32
803,3,39.54,6
803,4,187.37,10
804,1,131.47,25
804,3,146.98,25
804,4,63.510000000000005,7
805,1,47.08,9
805,2,139.65,22
805,3,57.28,5
805,4,114.64,16
806,1,25.1,5
807,1,36.22,11
808,1,19.34,3
808,3,36.14,4
808,4,48.46,10
809,1,103.12,13
809,2,58.93,8
810,1,77.3,6
811,1,37.95,5
811,2,87.84,11
811,3,74.08,12
811,4,17.990000000000002,3
812,1,41.4,9
812,2,98.89,12
813,1,6.74,1
814,1,13.41,4
814,2,226.24,27
814,4,93.3,16
815,1,10.4,3
816,1,119.31,4
816,2,52.18,8
816,4,99.42,10
817,1,68.85,2
818,1,30.42,9
818,2,67.38,13
819,1,26.7,4
819,2,270.25,24
819,3,160.19,16
819,4,276.46999999999997,21
820,1,20.8,4
820,3,11.97,1
821,1,23.68,3
822,1,19.68,3
823,1,113.84,11
824,1,102.64,12
824,3,29.8,2
825,1,119.72,8
826,1,46.25,5
826,2,3.9,1
827,1,166.85,21
827,3,83.43,16
828,1,5.9,2
829,1,11.1,2
830,1,23.0,2
831,1,115.52,18
832,1,154.68,22
833,1,137.9,10
833,2,154.12,9
833,3,16.86,2
833,4,53.9,2
834,1,436.93,29
834,2,449.3,48
834,3,473.94,51
834,4,52.65,7
835,1,51.400000000000006,13
835,2,92.25,19
835,3,202.69,38
835,4,107.51,20
836,1,103.05999999999999,17
836,2,315.86,25
836,4,186.71,10
837,1,230.04000000000002,12
838,1,29.409999999999997,6
838,3,53.78,5
839,1,558.44,32
839,2,28.2,3
839,3,132.81,3
840,1,61.13,7
841,1,916.44,27
842,1,34.5,6
842,2,203.95,23
842,3,74.53999999999999,3
842,4,316.46999999999997,25
843,1,97.03999999999999,20
843,3,167.8,25
843,4,122.16000000000001,20
844,1,45.65,7
844,4,37.6,3
845,1,54.980000000000004,14
845,2,57.13,9
845,3,398.9,21
845,4,13.58,4
846,1,36.9,1
846,2,93.6,6
846,3,45.6,3
846,4,85.30000000000001,7
847,1,329.99,25
847,2,166.42,23
847,3,194.22,18
847,4,264.32,29
848,1,23.61,5
849,1,92.69999999999999,2
849,2,276.72,18
849,3,180.72,13
849,4,24.9,1
850,1,18.75,3
851,1,59.12,13
851,3,23.79,8
851,4,34.75,6
852,1,53.599999999999994,2
853,1,82.75,7
853,2,78.02,11
853,3,260.81,21
853,4,64.48,9
854,1,31.9,3
854,2,20.3,2
855,1,53.3,5
856,1,27.02,9
857,1,74.74000000000001,13
857,2,237.5,7
857,3,48.160000000000004,10
857,4,44.19,8
858,1,77.2,12
858,3,49.69,13
859,1,131.39,17
859,2,27.37,3
860,1,18.0,3
860,2,138.35,15
861,1,153.35,17
862,1,26.22,4
862,2,100.27,14
862,3,64.46,15
863,1,36.599999999999994,4
863,2,60.5,5
864,1,26.6,4
865,1,72.36,10
865,2,122.17,12
866,1,94.02,4
866,2,440.55,17
866,3,110.65,9
866,4,162.62,22
867,1,102.7,7
867,4,44.47,6
868,1,275.32,13
869,1,29.6,4
870,1,13.6,2
870,4,10.8,1
871,1,64.1,3
871,2,77.11,11
871,3,463.75,16
871,4,250.89000000000001,20
872,1,27.83,5
873,1,49.9,1
873,3,12.09,2
874,1,11.19,1
874,3,144.81,8
874,4,90.03999999999999,10
875,1,76.2,6
875,4,191.95,15
876,1,95.48,11
877,1,16.89,5
877,3,179.48,11
877,4,124.06,26
878,1,102.73,14
878,3,35.54,9
878,4,28.33,6
879,1,79.55,8
879,2,40.47,2
879,4,132.65,10
880,1,50.3,5
880,2,7.0,2
881,1,99.63,9
881,2,12.620000000000001,2
881,3,5.5,3
881,4,29.87,7
882,1,20.94,7
883,1,148.53,12
883,4,11.4,2
884,1,58.41,6
885,1,38.28,4
885,3,25.380000000000003,5
886,1,7.98,1
886,2,7.49,2
886,3,11.899999999999999,3
886,4,28.06,6
887,1,58.8,1
887,2,153.14,20
887,3,115.18,9
888,1,31.199999999999996,3
889,1,76.0,1
889,2,349.2,7
889,3,77.55,2
890,1,21.200000000000003,2
891,1,15.629999999999999,4
891,3,52.51,8
892,1,148.67,13
893,1,38.96,5
893,2,24.64,8
893,3,14.8,2
894,1,28.04,6
894,2,32.3,3
894,4,42.97,4
895,1,5.0600000000000005,2
896,1,227.66,19
897,1,118.84,19
897,3,76.38000000000001,14
898,1,28.46,4
898,3,52.39,6
899,1,23.3,1
899,4,45.6,2
900,1,188.78,15
900,2,39.8,4
900,3,36.010000000000005,7
901,1,24.57,4
901,3,19.68,4
902,1,12.83,5
902,2,13.52,5
902,3,27.95,4
903,1,56.900000000000006,8
903,2,29.55,7
904,1,25.64,7
905,1,396.81,9
906,1,17.8,2
906,3,120.59,15
907,1,11.8,4
907,2,28.42,7
907,4,58.91,4
908,1,50.0,2
909,1,96.0,7
909,2,67.7,6
910,1,41.1,6
910,3,148.8,13
910,4,32.43,4
911,1,140.5,12
911,2,352.99,40
911,4,106.45,21
912,1,20.5,6
913,1,197.02,19
913,2,292.83,40
913,3,68.1,14
913,4,154.02,16
914,1,105.61,8
914,3,86.21,17
915,1,130.1,4
915,3,38.28,5
915,4,33.9,4
916,1,23.26,4
916,2,102.09,12
916,3,77.55,13
916,4,310.98,19
917,1,70.66,5
917,2,19.6,3
917,3,44.3,3
918,1,19.46,5
919,1,74.6,5
920,1,34.9,4
921,1,54.800000000000004,7
921,3,47.9,2
922,1,120.62,18
922,4,86.0,10
923,1,70.4,7
923,4,68.45,10
924,1,86.1,11
924,2,164.9,12
924,3,100.6,7
925,1,162.73,22
925,2,1070.57,38
925,3,128.76,17
925,4,140.99,13
926,1,83.47999999999999,3
927,1,88.8,18
928,1,188.0,4
928,2,192.8,3
929,1,79.84,12
930,1,22.39,4
931,1,30.419999999999998,7
931,2,98.0,2
932,1,49.69,2
932,3,0.48,1
933,1,39.82,7
933,2,73.03999999999999,10
933,3,74.88,7
934,1,74.48,12
934,3,109.18,11
935,1,180.0,17
936,1,140.03,41
936,2,96.31,16
936,3,170.55,28
936,4,112.27,22
937,1,25.1,4
938,1,28.08,8
939,1,20.31,6
940,1,51.260000000000005,8
941,1,88.3,2
941,2,78.44,4
942,1,118.26,3
943,1,28.62,3
944,1,95.2,13
945,1,34.370000000000005,5
946,1,36.77,1
947,1,105.45,13
947,4,71.84,17
948,1,68.94,7
949,1,30.5,3
950,1,93.06,10
950,2,268.0,24
950,3,70.86,9
950,4,7.8100000000000005,3
951,1,81.46000000000001,7
952,1,70.31,4
952,2,39.9,1
952,4,327.91999999999996,10
953,1,51.2,4
953,2,58.9,9
953,3,27.9,2
954,1,64.15,3
954,3,74.62,8
954,4,53.58,10
955,1,43.34,4
956,1,3.03,1
956,2,263.2,9
956,3,8.39,5
956,4,146.35,14
957,1,69.44,9
958,1,122.76,1
959,1,128.26,10
959,2,41.01,5
959,3,7.8,2
960,1,23.2,4
961,1,8.7,2
962,1,198.18,19
962,2,411.37,37
962,3,127.9,8
963,1,75.7,9
963,2,183.93,28
963,3,85.7,5
963,4,521.9,27
964,1,14.9,2
964,3,71.25999999999999,7
965,1,182.14,17
966,1,80.4,8
967,1,38.9,10
968,1,87.11,10
968,2,69.59,13
968,3,137.97,17
968,4,352.27,33
969,1,15.25,3
969,2,303.33,27
969,3,73.03999999999999,3
969,4,208.5,2
970,1,158.24,18
971,1,132.26,19
971,3,28.6,2
971,4,92.32000000000001,20
972,1,90.02,4
973,1,28.0,4
973,3,81.56,10
973,4,109.0,16
974,1,33.61,2
975,1,61.9,4
975,2,178.6,14
975,4,43.5,3
976,1,95.37,14
976,2,17.85,2
976,3,187.88,27
976,4,77.74,9
977,1,13.079999999999998,3
977,2,26.7,3
977,4,91.25,4
978,1,26.79,3
978,2,36.76,9
978,3,19.6,6
978,4,84.33,7
979,1,24.48,2
979,4,47.660000000000004,4
980,1,61.339999999999996,2
980,3,185.99,16
981,1,26.15,1
982,1,41.99,2
982,3,109.4,3
983,1,72.6,2
983,2,170.03,16
983,4,41.44,4
984,1,24.24,5
985,1,308.3,2
986,1,1856.81,44
986,3,754.4300000000001,14
987,1,74.83,13
988,1,40.190000000000005,11
988,3,25.74,3
988,4,76.85,9
989,1,45.55,3
989,4,44.13,3
990,1,53.74,11
991,1,79.78,18
991,2,131.65,3
992,1,14.9,5
993,1,53.04,8
993,2,59.0,2
994,1,32.06,4
994,2,8.47,2
995,1,72.16,6
996,1,23.61,3
996,2,7.95,4
996,3,7.9,1
996,4,25.74,6
997,1,33.06,6
997,2,92.13,5
998,1,109.51,14
999,1,95.9,15
999,2,226.07,30
999,3,92.97999999999999,15
999,4,121.4,16
1000,1,111.44,6
1001,1,26.5,5
1001,2,16.5,3
1001,4,16.4,3
1002,1,124.5,4
1002,4,43.03,10
1003,1,59.9,3
1003,2,162.38,13
1003,4,67.26,9
1004,1,13.0,2
1004,3,16.400000000000002,3
1004,4,40.4,6
1005,1,92.24,2
1006,1,20.3,1
1007,1,162.1,12
1007,2,130.15,14
1008,1,8.9,1
1008,2,29.299999999999997,3
1008,3,145.14000000000001,21
1008,4,55.18,4
1009,1,19.9,1
1009,3,22.2,3
1010,1,18.8,1
1010,2,220.63,13
1011,1,36.58,9
1011,2,25.5,7
1011,3,50.61,8
1011,4,134.85,22
1012,1,29.97,6
1012,4,19.490000000000002,6
1013,1,151.47,17
1013,3,33.2,7
1014,1,54.9,6
1015,1,88.19999999999999,3
1015,4,32.8,5
1016,1,135.8,4
1016,3,70.74000000000001,5
1017,1,31.13,6
1018,1,33.16,3
1018,2,43.4,5
1018,3,98.0,2
1018,4,173.25,22
1019,1,70.71,14
1019,4,70.9,10
1020,1,36.5,5
1020,2,51.33,6
1021,1,74.32,4
1022,1,46.3,2
1023,1,20.200000000000003,2
1024,1,155.35,18
1024,2,14.05,3
1024,3,18.310000000000002,5
1024,4,126.91,22
1025,1,31.79,2
1026,1,235.6,4
1026,2,239.3,9
1026,4,92.77,6
1027,1,14.9,1
1028,1,44.9,1
1028,3,37.5,3
1028,4,29.89,4
1029,1,92.69999999999999,2
1030,1,27.2,2
1030,2,74.16,11
1030,4,68.82000000000001,8
1031,1,1.0,1
1031,2,48.9,2
1031,3,32.1,3
1031,4,40.709999999999994,4
1032,1,58.8,1
1033,1,95.3,13
1034,1,31.310000000000002,3
1035,1,20.939999999999998,5
1035,2,204.3,6
1036,1,97.04,10
1036,2,161.57,11
1036,4,59.04,13
1037,1,57.4,6
1037,3,62.900000000000006,8
1037,4,69.0,9
1038,1,10.94,6
1039,1,153.2,3
1040,1,91.3,16
1041,1,21.939999999999998,2
1041,2,29.18,8
1041,3,139.70999999999998,16
1041,4,54.900000000000006,8
1042,1,172.8,4
1042,2,80.2,9
1042,3,48.8,5
1043,1,195.18,14
1043,2,23.58,1
1043,4,34.730000000000004,6
1044,1,291.59000000000003,6
1045,1,21.46,4
1045,4,10.2,2
1046,1,34.3,3
1046,2,77.56,4
1046,3,19.9,3
1046,4,57.04,3
1047,1,27.4,5
1047,2,43.989999999999995,3
1048,1,98.4,2
1049,1,43.6,5
1049,2,182.13,5
1049,4,93.07,5
1050,1,63.4,6
1051,1,128.99,4
1051,2,16.34,2
1052,1,22.06,5
1053,1,152.49,9
1053,2,14.0,1
1053,4,146.65,23
1054,1,30.9,3
1054,3,40.6,5
1054,4,153.26,12
1055,1,139.0,18
1055,2,138.3,2
1056,1,29.7,2
1056,2,58.769999999999996,7
1056,3,20.660000000000004,3
1057,1,21.96,3
1058,1,79.46,8
1058,3,48.0,1
1058,4,141.07,13
1059,1,40.63,8
1059,3,26.98,6
1059,4,261.25,6
1060,1,58.8,1
1061,1,38.71,5
1061,2,72.28,11
1061,3,240.45,20
1062,1,79.01,4
1063,1,39.82,6
1064,1,584.3,16
1064,2,435.65,24
1064,3,152.92000000000002,11
1064,4,59.980000000000004,11
1065,1,10.8,2
1065,2,72.78999999999999,3
1065,3,19.5,4
1066,1,59.730000000000004,6
1067,1,89.96000000000001,5
1068,1,181.84,29
1068,2,37.75,11
1068,4,16.259999999999998,6
1069,1,49.32,3
1069,4,67.77000000000001,5
1070,1,110.06,15
1071,1,9.8,2
1071,4,7.1,2
1072,1,24.8,5
1072,3,27.830000000000002,6
1072,4,39.08,8
1073,1,45.98,9
1073,2,59.97,6
1074,1,59.78,7
1074,2,46.11,7
1074,3,30.51,12
1075,1,98.72,10
1076,1,121.69,2
1077,1,109.66,15
1077,4,21.84,5
1078,1,26.009999999999998,7
1078,4,55.78,7
1079,1,65.4,5
1079,2,6.5,1
1080,1,19.5,4
1081,1,8.39,3
1081,2,85.21,13
1081,3,84.5,4
1082,1,32.7,1
1082,2,568.9200000000001,4
1083,1,9.12,1
1083,2,251.77,6
1083,3,402.11,42
1083,4,85.94,8
1084,1,15.82,3
1085,1,4.109999999999999,2
1086,1,18.04,2
1087,1,7.8,1
1087,2,30.43,2
1088,1,6.7,1
1088,3,11.33,5
1089,1,58.8,1
1090,1,25.009999999999998,7
1091,1,110.1,17
1092,1,56.94,12
1093,1,621.99,25
1094,1,14.3,3
1094,3,6.24,1
1095,1,8.1,3
1096,1,58.730000000000004,6
1096,2,138.01,6
1096,3,51.3,6
1096,4,92.34,9
1097,1,55.73,10
1097,2,130.23,16
1097,3,249.21,6
1097,4,115.75999999999999,7
1098,1,218.63,6
1098,3,11.9,1
1099,1,73.7,11
1099,4,77.67,8
1100,1,61.339999999999996,6
1100,3,87.73,8
1101,1,157.9,18
1102,1,134.14,16
1103,1,24.6,3
1103,4,21.87,6
1104,1,86.43,6
1104,2,69.65,9
1104,3,193.91,17
1104,4,52.37,6
1105,1,38.300000000000004,3
1105,2,313.04,30
1105,3,143.5,17
1106,1,101.02000000000001,3
1106,3,18.0,6
1106,4,1.4,1
1107,1,16.92,6
1107,2,194.44,12
1107,4,21.7,2
1108,1,5.9,1
1109,1,24.9,6
1109,4,52.650000000000006,4
1110,1,26.020000000000003,3
1111,1,8.29,2
1112,1,105.4,2
1113,1,45.4,4
1114,1,104.89,11
1115,1,21.200000000000003,5
1116,1,93.00999999999999,4
1117,1,26.11,7
1117,4,35.65,7
1118,1,282.8,4
1119,1,57.92,8
1119,2,473.72,16
1119,3,189.78,16
1119,4,470.34,34
1120,1,80.58000000000001,5
1120,2,98.0,3
1121,1,64.36,10
1122,1,95.57,24
1122,2,30.85,5
1122,4,74.33,16
1123,1,63.8,6
1123,3,82.56,7
1123,4,69.36,5
1124,1,137.4,7
1125,1,11.040000000000001,3
1126,1,84.66,3
1126,2,90.11,8
1127,1,71.05000000000001,5
1127,2,149.47,8
1128,1,23.740000000000002,4
1128,3,16.84,5
1129,1,56.25,4
1129,3,8.9,1
1129,4,106.19999999999999,7
1130,1,90.78,11
1130,2,1.89,1
1130,3,81.9,8
1130,4,117.75,13
1131,1,20.91,4
1131,2,119.0,10
1132,1,50.1,1
1133,1,295.53,20
1133,2,392.91,48
1133,3,203.03,22
1133,4,242.78,25
1134,1,23.6,9
1135,1,103.63,14
1135,2,61.63,5
1136,1,23.21,2
1136,2,190.51,19
1136,4,12.9,1
1137,1,56.6,9
1137,2,87.0,2
1138,1,19.19,3
1138,3,8.3,2
1139,1,86.22,12
1139,2,49.72,4
1139,3,113.01,16
1139,4,14.4,2
1140,1,133.23000000000002,5
1140,2,99.82,2
1140,3,47.39,4
1141,1,18.700000000000003,2
1142,1,17.68,4
1143,1,14.1,2
1144,1,14.7,2
1144,4,38.4,2
1145,1,38.54,3
1146,1,22.28,6
1146,4,28.26,2
1147,1,52.4,3
1148,1,16.43,2
1149,1,16.19,5
1150,1,187.88,9
1151,1,32.74,4
1152,1,77.07,5
1153,1,105.0,3
1153,2,41.1,5
1153,3,92.59,14
1153,4,103.53,6
1154,1,29.97,2
1155,1,63.25,5
1155,4,67.87,9
1156,1,46.5,6
1157,1,56.0,1
1158,1,2.0,1
1158,3,34.38,10
1158,4,7.5,3
1159,1,33.9,1
1160,1,28.01,6
1161,1,200.73,9
1161,3,77.37,4
1162,1,29.5,4
1163,1,95.0,11
1163,2,64.02,2
1164,1,56.839999999999996,7
1164,2,83.8,11
1164,3,36.6,2
1164,4,108.33,15
1165,1,18.72,4
1166,1,38.88,5
1167,1,32.9,3
1167,4,117.2,11
1168,1,17.1,3
1168,2,14.34,5
1169,1,124.0,2
1170,1,90.2,15
1170,2,192.38,22
1170,3,160.32,15
1170,4,139.92000000000002,15
1171,1,17.9,1
1171,2,50.39,7
1171,3,19.67,3
1172,1,3.9,1
1172,4,26.68,9
1173,1,34.150000000000006,5
1173,3,42.89,6
1173,4,59.55,6
1174,1,14.6,2
1174,3,6.9,1
1174,4,88.3,14
1175,1,16.8,2
1176,1,7.18,4
1176,2,60.5,7
1176,4,75.45,11
1177,1,25.03,7
1177,2,13114.75,6
1177,3,457.28000000000003,17
1178,1,21.3,3
1178,2,24.3,3
1178,3,13.5,2
1179,1,10.5,1
1180,1,35.5,3
1181,1,12.79,1
1181,3,24.22,2
1182,1,6.7,1
1183,1,8.3,2
1184,1,82.58,8
1185,1,66.2,8
1185,2,50.8,7
1185,3,176.8,17
1185,4,76.8,9
1186,1,29.53,6
1187,1,284.89,17
1187,2,32.9,1
1187,3,165.2,15
1187,4,340.23,22
1188,1,45.9,4
1188,2,53.79,4
1188,3,79.32,11
1189,1,10.9,1
1190,1,24.34,6
1190,3,101.0,21
1191,1,12.600000000000001,3
1192,1,79.9,1
1192,2,75.65,8
1193,1,21.46,1
1194,1,45.2,4
1195,1,5.6,2
1196,1,27.4,4
1196,2,246.0,1
1196,3,124.17999999999999,10
1196,4,55.33,10
1197,1,12.309999999999999,2
1197,2,10.43,2
1198,1,39.120000000000005,5
1198,3,8.82,5
1198,4,121.02,4
1199,1,41.47,12
1199,4,148.25,17
1200,1,48.96,8
1200,2,104.15,20
1200,3,27.5,3
1201,1,34.94,3
1201,2,35.3,7
1201,3,49.93,4
1202,1,170.51,15
1202,2,75.05,5
1203,1,218.6,6
1204,1,39.870000000000005,5
1204,2,197.76,24
1204,3,107.6,10
1204,4,106.99,15
1205,1,42.93,6
1205,2,181.6,7
1205,3,4.7,1
1206,1,66.60000000000001,11
1207,1,31.14,5
1208,1,3.9,1
1209,1,18.740000000000002,3
1209,2,21.44,5
1209,3,45.18,6
1210,1,201.78,8
1211,1,12.7,2
1211,3,135.99,15
1211,4,203.59,13
1212,1,71.25,11
1212,2,83.04,4
1212,3,112.4,14
1212,4,120.02,16
1213,1,80.1,7
1214,1,148.79999999999998,5
1215,1,211.54,7
1215,2,720.62,44
1215,3,35.16,5
1216,1,19.4,2
1216,2,301.64,22
1216,3,23.17,4
1217,1,29.6,3
1218,1,7.630000000000001,2
1219,1,83.9,3
1220,1,84.5,5
1221,1,9.2,5
1221,2,19.3,4
1222,1,17.4,3
1223,1,22.9,4
1223,4,14.08,6
1224,1,22.4,2
1224,3,18.7,3
1225,2,24.14,5
1226,2,55.28,5
1226,3,83.66,5
1226,4,229.28,17
1227,2,211.32,8
1227,3,28.76,4
1228,2,88.84,5
1228,3,28.2,6
1228,4,144.79,10
1229,2,99.0,2
1230,2,290.13,28
1230,3,94.82000000000001,9
1230,4,93.44,4
1231,2,116.62,10
1232,2,121.54,15
1232,4,104.15,6
1233,2,474.56,26
1233,4,54.2,4
1234,2,67.39,6
1234,3,11.85,4
1235,2,161.24,17
1235,3,76.48,5
1235,4,112.3,9
1236,2,47.95,5
1237,2,212.98,17
1238,2,68.72,8
1239,2,34.15,9
1239,3,129.21,9
1239,4,7.6,3
1240,2,171.28,29
1240,3,183.85999999999999,21
1241,2,80.69999999999999,5
1242,2,33.61,2
1243,2,276.7,15
1243,3,52.7,9
1243,4,13.9,2
1244,2,44.6,4
1244,3,29.8,4
1244,4,119.4,15
1245,2,141.8,2
1246,2,368.55,36
1246,3,74.71,11
1246,4,56.32,8
1247,2,93.24,7
1247,3,89.64,12
1247,4,40.6,5
1248,2,12.16,3
1249,2,141.7,14
1250,2,23.19,1
1251,2,33.9,1
1252,2,49.2,8
1252,4,55.9,4
1253,2,23.8,1
1254,2,78.10000000000001,7
1254,4,90.37,16
1255,2,302.4,7
1256,2,104.3,9
1256,4,685.37,45
1257,2,72.63,6
1258,2,48.94,6
1258,4,31.7,3
1259,2,37.8,5
1260,2,20.43,4
1261,2,15.3,3
1262,2,45.76,4
1263,2,193.94,17
1264,2,105.84,4
1264,3,151.10000000000002,8
1265,2,150.99,6
1266,2,102.65,16
1266,3,65.8,10
1267,2,6.5,1
1268,2,62.85,9
1268,3,25.96,7
1268,4,123.53,13
1269,2,79.69,5
1270,2,278.12,24
1270,3,86.79,7
1271,2,155.65,16
1272,2,73.38,9
1272,3,128.67,7
1273,2,58.6,9
1274,2,141.3,7
1275,2,38.8,2
1275,3,68.64,7
1276,2,112.9,6
1276,3,17.4,2
1277,2,54.18,15
1278,2,74.22,10
1278,3,10.8,2
1279,2,113.18,11
1279,3,84.68,15
1280,2,106.94000000000001,10
1281,2,89.65,10
1282,2,90.4,5
1283,2,12.0,2
1284,2,39.04,3
1285,2,15.09,2
1285,4,53.9,6
1286,2,22.1,3
1286,3,52.29,7
1287,2,269.57,21
1288,2,463.38,21
1288,3,169.0,19
1289,2,31.9,5
1290,2,101.4,8
1290,3,54.1,9
1291,2,122.69,13
1291,4,54.480000000000004,7
1292,2,177.23,17
1292,3,28.830000000000002,4
1292,4,6.72,1
1293,2,23.900000000000002,2
1293,3,30.11,3
1294,2,20.4,3
1295,2,50.66,3
1295,3,73.2,16
1296,2,9.9,1
1297,2,111.77999999999999,3
1298,2,47.92,9
1299,2,44.47,9
1300,2,162.39,13
1301,2,12.34,3
1302,2,136.6,5
1302,4,89.7,3
1303,2,33.99,6
1304,2,56.19,15
1304,4,39.0,4
1305,2,93.35,26
1305,3,49.44,13
1306,2,46.95,5
1306,3,183.71,15
1307,2,25.51,4
1308,2,33.78,6
1308,3,30.18,5
1309,2,194.17000000000002,16
1310,2,135.0,1
1310,4,80.15,13
1311,2,83.73,8
1312,2,17.959999999999997,2
1313,2,38.73,8
1314,2,12.629999999999999,5
1314,3,363.66,58
1314,4,24.029999999999998,8
1315,2,26.93,5
1316,2,207.15,17
1316,4,64.15,5
1317,2,16.15,6
1318,2,102.11,18
1318,4,142.3,12
1319,2,33.8,2
1320,2,96.44,8
1321,2,28.9,4
1322,2,48.0,5
1323,2,44.66,7
1323,3,100.80000000000001,10
1324,2,99.4,2
1325,2,217.46,23
1326,2,118.53999999999999,6
1327,2,499.1,10
1327,4,72.28,5
1328,2,32.7,8
1329,2,136.8,2
1330,2,154.47,4
1330,3,34.7,2
1330,4,14.1,4
1331,2,14.870000000000001,3
1331,3,11.21,4
1332,2,11.8,2
1332,3,102.7,8
1333,2,101.50999999999999,9
1333,4,17.990000000000002,8
1334,2,19.6,2
1334,4,138.5,12
1335,2,58.69,11
1336,2,85.29,9
1336,3,32.93,4
1337,2,85.97,8
1338,2,41.699999999999996,7
1339,2,117.12,11
1340,2,34.51,5
1341,2,16.8,3
1342,2,76.4,6
1342,3,41.02,5
1343,2,54.14,10
1343,3,86.15,12
1343,4,102.83,18
1344,2,84.11999999999999,8
1344,3,32.8,2
1345,2,43.9,5
1346,2,15.3,1
1346,3,198.64000000000001,35
1347,2,48.4,6
1348,2,13.68,2
1349,2,50.64,3
1350,2,19.310000000000002,4
1351,2,204.4,10
1352,2,145.28,19
1353,2,190.2,8
1354,2,191.60999999999999,28
1354,3,76.49000000000001,11
1355,2,43.36,8
1355,3,9.2,3
1356,2,54.63,7
1357,2,347.59999999999997,7
1357,4,58.77,3
1358,2,52.95,6
1359,2,175.48,12
1360,2,71.3,9
1361,2,6.9,2
1362,2,72.19,5
1363,2,448.2,12
1363,3,84.23,8
1364,2,28.290000000000003,5
1365,2,45.66,4
1365,4,184.7,24
1366,2,17.8,3
1367,2,50.9,2
1367,3,16.37,2
1368,2,93.28999999999999,7
1368,3,32.58,3
1368,4,42.3,3
1369,2,2.58,2
1370,2,57.730000000000004,8
1371,2,243.11,18
1372,2,60.13,7
1372,3,106.53,1
1373,2,152.6,10
1374,2,113.3,10
1374,3,255.0,14
1375,2,165.4,7
1376,2,339.3,5
1377,2,24.8,3
1378,2,41.41,6
1378,3,20.5,2
1379,2,38.21,8
1380,2,42.4,7
1381,2,260.0,5
1382,2,47.04,4
1383,2,47.1,3
1384,2,126.72,8
1385,2,2475.4,10
1386,2,90.63,11
1386,3,118.17,7
1387,2,27.62,3
1387,3,45.29,7
1388,2,83.10999999999999,5
1388,3,120.95,14
1388,4,18.98,2
1389,2,132.8,6
1389,4,21.599999999999998,2
1390,2,54.3,2
1391,2,69.59,5
1391,3,29.76,1
1392,2,24.939999999999998,3
1393,2,33.8,4
1393,3,8.5,1
1394,2,16.45,2
1395,2,61.17,12
1395,4,25.6,2
1396,2,80.56,6
1397,2,66.07,7
1398,2,130.11,18
1398,3,4.9,1
1399,2,41.75,4
1399,3,79.0,12
1400,2,99.87,4
1401,2,9.7,1
1402,2,40.44,7
1402,3,66.65,13
1403,2,174.41,21
1403,4,148.09,16
1404,2,98.5,5
1405,2,69.77,3
1406,2,35.97,4
1407,2,16.63,6
1408,2,76.03,7
1409,2,343.9,12
1409,3,65.88,5
1409,4,10.39,1
1410,2,8.95,5
1411,2,25.1,2
1412,2,50.2,2
1413,2,73.46,9
1413,3,179.8,7
1414,2,15.5,2
1415,2,20.3,1
1416,2,5.3,1
1417,2,18.41,6
1418,2,127.2,14
1419,2,34.980000000000004,5
1420,2,338.88,27
1421,2,44.67,10
1421,4,30.200000000000003,3
1422,2,6.9,1
1423,2,258.9,5
1424,2,63.03,15
1425,2,72.05,8
1425,3,33.28,3
1426,2,83.71,3
1427,2,28.9,6
1428,2,37.7,3
1429,2,55.0,1
1430,2,21.17,7
1431,2,129.2,4
1432,2,187.28,22
1432,3,58.43,8
1432,4,181.18,29
1433,2,16.72,6
1433,3,57.3,2
1434,2,189.13,7
1435,2,25.700000000000003,4
1436,2,105.8,3
1436,3,63.8,5
1437,2,6.97,2
1438,2,163.3,4
1439,2,41.5,2
1439,3,115.76,10
1440,2,23.5,3
1441,2,128.1,9
1442,2,363.84,23
1442,3,164.65,8
1442,4,30.67,6
1443,2,28.2,3
1444,2,328.44,17
1444,3,125.85,12
1444,4,119.74000000000001,10
1445,2,61.15,2
1445,4,10.4,1
1446,2,15.2,3
1447,2,70.75,4
1448,2,491.4,2
1449,2,45.400000000000006,6
1449,3,35.0,4
1450,2,97.8,10
1451,2,20.3,2
1451,3,77.89,13
1452,2,42.7,1
1452,3,74.19,12
1452,4,61.8,7
1453,2,76.6,10
1453,4,99.06,10
1454,2,113.5,7
1454,4,31.28,5
1455,2,44.83,6
1455,4,81.55,7
1456,2,35.629999999999995,7
1457,2,77.2,7
1457,4,41.5,3
1458,2,21.25,3
1459,2,343.32,8
1459,4,227.31,30
1460,2,9.12,2
1460,3,64.7,3
1461,2,34.230000000000004,3
1462,2,39.260000000000005,7
1462,3,85.00999999999999,8
1462,4,123.39,12
1463,2,499.6,11
1464,2,34.68,5
1464,3,31.8,7
1465,2,80.41,6
1465,4,46.2,11
1466,2,149.85,9
1467,2,110.0,1
1468,2,123.22,3
1469,2,245.71,9
1469,3,207.03,12
1469,4,241.61,24
1470,2,48.7,5
1470,3,112.14,10
1470,4,307.04,29
1471,2,10.5,2
1471,3,28.03,3
1471,4,154.14,13
1472,2,5.47,2
1473,2,319.0,4
1474,2,172.2,19
1475,2,57.77,5
1475,4,40.32,4
1476,2,206.66,14
1476,3,55.22,8
1476,4,45.4,7
1477,2,34.0,4
1478,2,115.98,23
1478,3,117.07,16
1479,2,76.39,9
1480,2,186.3,7
1481,2,30.700000000000003,3
1482,2,351.29,7
1482,4,148.04,9
1483,2,28.9,2
1484,2,139.2,10
1485,2,36.8,2
1486,2,146.12,9
1486,4,24.89,4
1487,2,106.8,4
1488,2,108.9,2
1489,2,189.11,8
1490,2,94.0,2
1490,4,161.0,3
1491,2,19.21,5
1491,3,111.22,16
1492,2,54.129999999999995,3
1493,2,40.16,8
1494,2,39.8,2
1495,2,209.57,11
1495,4,58.0,6
1496,2,116.86,7
1497,2,104.48,12
1497,3,14.83,2
1498,2,129.9,3
1498,3,38.4,6
1499,2,162.9,9
1500,2,190.5,10
1501,2,610.5600000000001,19
1501,3,267.29,7
1501,4,26.799999999999997,2
1502,2,90.81,7
1503,2,162.39999999999998,7
1504,2,117.7,4
1505,2,65.4,5
1506,2,15.9,1
1506,4,20.36,5
1507,2,101.28,13
1508,2,149.69,22
1509,2,230.21,22
1509,3,106.71,8
1509,4,70.3,6
1510,2,116.80000000000001,13
1511,2,231.0,4
1512,2,158.9,8
1512,3,136.68,20
1512,4,410.45,20
1513,2,105.11,10
1514,2,99.59,2
1515,2,51.71,6
1516,2,60.31,9
1516,4,31.2,3
1517,2,249.5,6
1518,2,32.56,7
1519,2,85.66,9
1520,2,264.97,11
1521,2,59.36,7
1521,3,57.440000000000005,11
1521,4,62.68,8
1522,2,35.09,4
1522,3,51.440000000000005,7
1522,4,33.519999999999996,2
1523,2,231.95,6
1524,2,207.56,14
1524,3,13.93,5
1525,2,117.6,17
1526,2,53.4,1
1527,2,17.9,1
1528,2,104.6,11
1528,3,74.4,2
1528,4,64.69999999999999,2
1529,2,168.8,6
1530,2,113.77,4
1531,2,22.39,2
1532,2,53.3,5
1533,2,298.5,5
1534,2,255.0,4
1535,2,125.7,12
1535,3,41.6,5
1536,2,24.07,2
1537,2,68.5,4
1537,3,57.7,4
1538,2,214.60000000000002,3
1539,2,50.5,6
1540,2,102.42,7
1541,2,745.9,6
1542,2,132.1,4
1542,3,8.9,1
1542,4,16.75,3
1543,2,180.8,5
1544,2,120.82,16
1544,3,177.31,27
1544,4,87.08,11
1545,2,64.14,4
1546,2,18.330000000000002,4
1546,3,17.6,6
1547,2,57.9,2
1548,2,288.0,1
1548,3,196.2,5
1549,2,106.2,3
1550,2,120.0,1
1551,2,63.4,2
1552,2,13.8,2
1553,2,39.73,1
1553,3,482.95,30
1553,4,32.55,6
1554,2,104.01,13
1555,2,61.0,8
1556,2,248.01999999999998,7
1557,2,348.6,4
1558,2,60.96,5
1559,2,312.64,35
1559,3,399.24,55
1559,4,274.71999999999997,20
1560,2,278.38,17
1560,3,75.73,4
1561,2,407.56,10
1561,3,268.3,15
1561,4,243.0,15
1562,2,287.49,49
1562,3,328.02,49
1563,2,100.5,13
1564,2,90.23,11
1565,2,119.5,10
1565,3,6.8,1
1565,4,125.3,3
1566,2,404.7,6
1567,2,153.51,19
1567,3,127.3,9
1568,2,127.91,14
1569,2,264.53,7
1570,2,63.660000000000004,11
1571,2,76.94,5
1571,3,598.99,19
1572,2,86.4,5
1572,3,39.730000000000004,4
1572,4,22.380000000000003,3
1573,2,237.86,17
1574,2,195.36,26
1575,2,35.2,5
1575,3,329.96999999999997,17
1575,4,12.05,2
1576,2,253.88,8
1577,2,113.4,2
1578,2,27.06,1
1579,2,16.3,2
1579,4,24.69,3
1580,2,58.599999999999994,3
1580,4,41.75,5
1581,2,21.7,4
1581,4,13.9,2
1582,2,319.0,4
1583,2,60.6,7
1584,2,61.93,6
1584,4,21.44,5
1585,2,103.0,3
1585,4,9.0,1
1586,2,30.690000000000005,3
1587,2,205.8,2
1588,2,246.0,1
1589,2,22.3,1
1590,2,33.19,2
1591,2,65.4,6
1592,2,145.14000000000001,22
1593,2,50.620000000000005,7
1594,2,1563.9,3
1595,2,75.49,20
1595,4,182.54,12
1596,2,129.1,6
1596,3,150.97,18
1596,4,51.08,3
1597,2,26.24,6
1598,2,96.89,16
1598,3,24.119999999999997,2
1599,2,336.8,3
1600,2,161.82,6
1601,2,61.040000000000006,9
1602,2,108.99,14
1602,3,30.52,3
1603,2,84.44,7
1603,3,93.83,10
1603,4,63.080000000000005,6
1604,2,88.2,13
1605,2,48.85,8
1605,4,25.97,5
1606,2,20.7,4
1607,2,20.8,3
1608,2,79.9,9
1608,3,119.0,2
1609,2,112.87,6
1609,3,188.7,4
1610,2,5.9,1
1611,2,259.4,4
1612,2,255.51,12
1612,3,30.27,5
1612,4,49.1,3
1613,2,179.7,3
1613,3,61.599999999999994,5
1613,4,38.19,6
1614,2,617.7,11
1615,2,118.0,5
1616,2,131.82999999999998,23
1616,4,52.8,6
1617,2,17.54,1
1618,2,45.199999999999996,4
1619,2,99.7,5
1620,2,61.3,6
1621,2,34.96,6
1622,2,102.35,2
1622,3,200.28,28
1622,4,69.2,8
1623,2,216.9,4
1623,4,19.9,3
1624,2,177.0,1
1625,2,62.629999999999995,4
1626,2,34.0,4
1627,2,142.51,13
1628,2,170.39999999999998,7
1629,2,166.8,3
1629,3,179.1,12
1630,2,240.84,18
1631,2,56.78,3
1631,3,35.31,13
1631,4,371.02,24
1632,2,182.4,2
1633,2,80.6,10
1634,2,40.8,4
1634,3,31.8,1
1635,2,33.2,4
1636,2,63.8,2
1637,2,117.0,1
1638,2,45.900000000000006,3
1638,3,22.78,5
1639,2,3.77,1
1639,4,102.73,11
1640,2,183.73999999999998,15
1640,3,28.0,3
1640,4,174.01,21
1641,2,3.9,1
1641,4,33.5,4
1642,2,58.8,1
1643,2,75.5,5
1644,2,56.54,11
1645,2,122.0,2
1646,2,127.17999999999999,16
1647,2,80.9,2
1648,2,228.9,5
1649,2,47.760000000000005,4
1649,3,17.4,3
1649,4,41.55,11
1650,2,68.9,2
1651,2,122.5,3
1652,2,97.69999999999999,2
1653,2,38.65,9
1653,4,82.48,11
1654,2,53.35,8
1655,2,40.6,6
1656,2,98.4,1
1656,3,86.86,3
1657,2,32.9,1
1658,2,97.60000000000001,16
1659,2,157.8,2
1660,2,10.8,3
1661,2,39.32,4
1661,4,30.0,3
1662,2,28.9,2
1662,3,55.77,5
1663,2,91.9,2
1664,2,36.08,11
1665,2,147.72,11
1666,2,138.3,4
1667,2,57.0,1
1668,2,94.6,21
1668,3,75.94,7
1669,2,91.5,8
1670,2,37.82,8
1670,3,70.27,14
1671,2,22.54,6
1671,4,215.69000000000003,10
1672,2,17.82,1
1673,2,102.0,4
1674,2,107.03,13
1674,3,29.96,4
1675,2,14.200000000000001,2
1676,2,81.24000000000001,9
1676,3,11.4,2
1676,4,98.88,13
1677,2,85.8,2
1677,3,33.81,2
1678,2,9.29,5
1679,2,65.65,3
1679,3,151.76,4
1680,2,53.3,7
1681,2,13.7,5
1681,4,28.0,3
1682,2,103.4,2
1683,2,80.9,2
1684,2,45.21,4
1685,2,206.0,1
1686,2,100.8,2
1687,2,37.54,6
1687,3,194.76,10
1687,4,56.73,5
1688,2,184.62,12
1688,4,28.5,3
1689,2,30.0,8
1690,2,24.6,3
1691,2,190.7,15
1692,2,73.71000000000001,11
1692,3,55.03,5
1693,2,33.93,9
1694,2,21.59,3
1694,4,199.73000000000002,20
1695,2,82.2,5
1696,2,170.6,6
1696,3,17.13,6
1697,2,50.84,5
1698,2,8.98,1
1699,2,77.0,2
1699,3,80.4,8
1700,2,83.25,8
1701,2,104.5,8
1701,3,35.8,5
1702,2,37.8,4
1703,2,50.8,4
1703,3,95.7,10
1704,2,106.8,9
1705,2,21.13,7
1706,2,97.87,10
1707,2,19.9,2
1708,2,183.66,29
1709,2,32.9,1
1710,2,31.86,1
1711,2,71.3,2
1712,2,31.9,6
1712,3,63.18,15
1712,4,137.8,4
1713,2,20.9,1
1714,2,38.9,1
1715,2,76.61,8
1715,4,67.62,6
1716,2,76.17,14
1717,2,55.8,3
1717,4,13.100000000000001,3
1718,2,96.99,14
1719,2,60.37,10
1719,3,141.54000000000002,12
1720,2,35.18,8
1721,2,106.66,9
1722,2,7.3,4
1722,3,46.03,2
1723,2,54.15,4
1724,2,57.13,10
1724,3,52.239999999999995,3
1724,4,110.94,10
1725,2,27.29,5
1725,3,20.07,3
1726,2,22.0,2
1726,4,86.7,2
1727,2,21.9,4
1727,3,77.02,7
1728,2,54.7,5
1729,2,36.2,3
1730,2,99.5,6
1730,3,99.46,6
1730,4,155.65,14
1731,2,74.18,9
1731,3,93.65,6
1731,4,62.879999999999995,7
1732,2,18.85,2
1733,2,12.8,1
1733,3,125.36,22
1733,4,158.98,21
1734,2,20.0,1
1734,3,98.0,3
1735,2,58.9,2
1736,2,72.0,1
1737,2,109.9,1
1737,3,200.2,8
1738,2,248.1,11
1739,2,97.1,7
1740,2,45.86,6
1741,2,19.9,2
1742,2,51.3,3
1742,3,22.6,4
1743,2,84.49,12
1743,3,80.91,13
1743,4,79.73,4
1744,2,34.3,4
1745,2,41.5,3
1746,2,52.9,5
1747,2,14.290000000000001,5
1748,2,6.970000000000001,3
1748,3,117.65,16
1748,4,157.87,20
1749,2,6.14,2
1749,3,23.03,5
1750,2,25.4,2
1751,2,11.57,1
1751,3,169.34,13
1751,4,35.5,4
1752,2,18.79,5
1752,3,17.369999999999997,4
1753,2,39.01,2
1754,2,41.78,7
1755,2,90.38,10
1755,4,45.290000000000006,6
1756,2,67.81,12
1756,3,19.4,3
1757,2,14.8,3
1757,3,64.9,15
1757,4,51.7,8
1758,2,130.9,3
1759,2,23.01,4
1759,4,46.5,3
1760,2,10.52,3
1761,2,47.94,12
1761,3,146.48,21
1762,2,29.3,3
1762,4,54.5,2
1763,2,118.8,2
1764,2,52.019999999999996,2
1765,2,61.18,8
1765,3,238.4,46
1765,4,291.27,51
1766,2,205.39999999999998,6
1767,2,39.69,2
1767,3,84.2,5
1768,2,35.58,4
1769,2,50.51,11
1769,3,67.92999999999999,9
1770,2,21.86,2
1771,2,5.3,1
1772,2,61.36,3
1773,2,80.47999999999999,3
1773,3,16.23,1
1774,3,93.02,31
1774,4,259.45,27
1775,3,4.8,3
1776,3,57.84,8
1777,3,122.36,14
1778,3,143.5,19
1779,3,72.83,4
1780,3,158.0,3
1781,3,50.13,2
1782,3,181.2,5
1782,4,71.66,13
1783,3,40.14,5
1784,3,371.89,21
1785,3,10.219999999999999,3
1786,3,93.6,4
1787,3,133.03,14
1787,4,77.1,8
1788,3,27.89,5
1789,3,110.60000000000001,5
1790,3,24.32,5
1791,3,27.419999999999998,6
1791,4,31.51,3
1792,3,103.38,12
1793,3,38.6,7
1793,4,21.7,3
1794,3,33.2,4
1794,4,146.72,7
1795,3,51.4,12
1796,3,13.99,4
1797,3,23.1,5
1798,3,104.39999999999999,8
1799,3,40.74,6
1799,4,22.700000000000003,3
1800,3,4.5,1
1801,3,23.8,3
1802,3,67.43,2
1803,3,34.6,4
1804,3,39.74,3
1805,3,45.8,8
1806,3,256.6,4
1807,3,31.03,5
1808,3,70.32,3
1809,3,17.09,2
1810,3,102.62,6
1811,3,27.38,8
1812,3,82.73,25
1812,4,162.82,27
1813,3,40.55,4
1813,4,33.800000000000004,5
1814,3,44.099999999999994,3
1815,3,226.68,24
1816,3,68.94,11
1816,4,12.4,2
1817,3,15.47,2
1817,4,36.57,4
1818,3,170.0,24
1818,4,67.57,9
1819,3,29.02,3
1820,3,48.660000000000004,13
1821,3,5.8,1
1822,3,25.0,3
1823,3,43.0,9
1823,4,30.740000000000002,5
1824,3,66.24,9
1825,3,55.37,2
1825,4,13.9,2
1826,3,20.8,2
1827,3,11.3,2
1828,3,46.18,7
1829,3,52.51,13
1830,3,17.11,3
1830,4,79.31,3
1831,3,40.0,5
1832,3,102.07000000000001,5
1833,3,28.77,4
1834,3,44.480000000000004,4
1834,4,20.9,2
1835,3,50.239999999999995,3
1836,3,158.42,19
1836,4,24.349999999999998,7
1837,3,22.7,2
1838,3,26.03,7
1839,3,356.87,37
1839,4,136.65,31
1840,3,145.49,16
1841,3,57.6,1
1842,3,2.5,1
1843,3,63.68,7
1844,3,37.32,9
1845,3,22.8,2
1846,3,229.8,25
1847,3,5.9,1
1848,3,41.699999999999996,2
1849,3,32.07,3
1849,4,45.61,7
1850,3,48.0,3
1851,3,87.82000000000001,13
1851,4,32.1,5
1852,3,9.19,1
1853,3,34.6,2
1854,3,129.32999999999998,6
1855,3,77.4,5
1856,3,56.06,7
1856,4,62.04,7
1857,3,10.9,1
1858,3,49.010000000000005,10
1858,4,105.24000000000001,13
1859,3,14.690000000000001,3
1860,3,15.9,1
1861,3,20.2,2
1862,3,9.9,1
1863,3,70.9,8
1864,3,135.04,3
1865,3,13.74,3
1865,4,15.190000000000001,2
1866,3,157.62,19
1867,3,61.66,5
1868,3,123.27000000000001,3
1869,3,197.60999999999999,12
1869,4,37.81,5
1870,3,147.99,9
1871,3,55.36,5
1872,3,92.09,5
1873,3,93.56,4
1874,3,69.44,7
1874,4,71.36,5
1875,3,242.61,7
1876,3,69.52,3
1877,3,102.2,8
1878,3,156.62,18
1879,3,22.01,4
1880,3,135.21,10
1881,3,18.310000000000002,6
1881,4,92.0,10
1882,3,181.39,22
1883,3,55.870000000000005,7
1884,3,60.7,9
1884,4,73.6,14
1885,3,5.02,2
1886,3,43.7,2
1887,3,79.61,3
1888,3,98.9,2
1889,3,109.27,17
1889,4,76.31,13
1890,3,67.83,5
1891,3,37.5,4
1892,3,204.06,4
1893,3,52.199999999999996,4
1894,3,79.56,11
1895,3,68.6,2
1896,3,109.75,23
1896,4,58.55,13
1897,3,57.0,6
1898,3,43.7,5
1898,4,92.41,9
1899,3,18.939999999999998,4
1899,4,74.53999999999999,12
1900,3,143.08,24
1900,4,126.33,13
1901,3,9.61,2
1902,3,22.3,2
1903,3,56.9,9
1904,3,179.76,18
1905,3,6.9,1
1906,3,86.94,5
1907,3,24.700000000000003,4
1908,3,25.79,9
1909,3,234.14000000000001,30
1910,3,69.5,7
1911,3,15.86,3
1912,3,107.28,5
1913,3,33.62,2
1914,3,27.08,2
1915,3,139.92,21
1916,3,47.26,10
1917,3,56.29,3
1918,3,43.3,5
1919,3,47.96,4
1920,3,4.4,1
1921,3,45.37,6
1922,3,155.19,9
1923,3,45.57,8
1924,3,11.3,2
1925,3,211.4,6
1926,3,54.2,9
1927,3,39.400000000000006,3
1927,4,454.71,41
1928,3,37.64,4
1929,3,39.84,3
1930,3,35.870000000000005,7
1931,3,47.4,2
1931,4,58.26,5
1932,3,19.799999999999997,2
1933,3,33.3,5
1934,3,141.57999999999998,3
1935,3,43.08,7
1935,4,20.3,1
1936,3,85.05,11
1937,3,33.3,5
1938,3,57.63,9
1938,4,93.83,14
1939,3,74.53,10
1940,3,8.1,2
1941,3,20.78,5
1942,3,48.48,5
1942,4,38.83,5
1943,3,53.5,4
1944,3,25.9,1
1945,3,62.4,1
1946,3,53.0,1
1947,3,40.0,4
1948,3,41.15,10
1949,3,141.46,10
1950,3,141.68,21
1950,4,283.63,32
1951,3,50.9,6
1952,3,27.38,5
1953,3,114.22,4
1953,4,135.21,11
1954,3,25.490000000000002,5
1955,3,173.55,29
1955,4,83.22,13
1956,3,338.0,8
1957,3,64.17,7
1958,3,216.04,14
1958,4,156.76,13
1959,3,51.43,6
1960,3,3.7,1
1961,3,13.780000000000001,3
1962,3,95.33,4
1962,4,60.599999999999994,2
1963,3,36.63,10
1964,3,98.27000000000001,11
1965,3,45.4,8
1966,3,19.9,6
1967,3,86.35,15
1968,3,87.9,2
1969,3,187.4,31
1970,3,88.8,7
1970,4,8.9,2
1971,3,114.0,2
1972,3,56.9,4
1973,3,37.4,3
1973,4,149.03,21
1974,3,140.7,3
1975,3,23.4,4
1976,3,76.1,10
1977,3,360.1,4
1978,3,83.66,11
1978,4,32.66,3
1979,3,93.31,21
1979,4,59.57,16
1980,3,26.3,3
1980,4,19.87,9
1981,3,99.61999999999999,8
1981,4,129.59,10
1982,3,31.259999999999998,5
1983,3,68.32000000000001,14
1983,4,39.47,6
1984,3,45.8,2
1985,3,11.8,1
1986,3,85.4,7
1987,3,46.6,5
1987,4,27.27,6
1988,3,18.9,3
1988,4,104.42,8
1989,3,534.7,25
1989,4,256.02,4
1990,3,1.47,1
1990,4,87.62,5
1991,3,106.17,11
1991,4,12.540000000000001,2
1992,3,51.9,3
1993,3,61.599999999999994,5
1993,4,100.28,5
1994,3,139.20000000000002,4
1995,3,29.29,4
1996,3,81.0,4
1997,3,13.6,1
1998,3,115.78,10
1999,3,5.0,1
2000,3,120.75,10
2001,3,63.339999999999996,3
2002,3,12.19,4
2003,3,205.43,26
2003,4,266.92,33
2004,3,19.369999999999997,6
2004,4,79.8,10
2005,3,34.400000000000006,4
2005,4,173.20000000000002,27
2006,3,13.629999999999999,2
2007,3,68.92,7
2008,3,130.7,14
2008,4,0.35,1
2009,3,10.5,2
2010,3,27.56,6
2011,3,16.96,4
2012,3,101.92999999999999,7
2012,4,23.6,1
2013,3,28.37,6
2013,4,42.63,6
2014,3,39.1,3
2015,3,65.52,5
2015,4,70.47999999999999,3
2016,3,83.31,4
2017,3,110.24,13
2018,3,36.660000000000004,5
2019,3,87.05,10
2019,4,73.83999999999999,6
2020,3,23.6,6
2020,4,9.52,4
2021,3,40.86,8
2022,3,81.01,12
2022,4,8.04,3
2023,3,16.32,4
2024,3,28.42,6
2025,3,75.69,5
2026,3,29.24,4
2026,4,47.58,7
2027,3,106.48,11
2028,3,20.700000000000003,3
2029,3,93.78,5
2030,3,23.09,4
2031,3,21.200000000000003,2
2032,3,32.53,4
2033,3,29.4,6
2034,3,92.14,6
2035,3,17.8,2
2036,3,118.97,8
2036,4,66.44,9
2037,3,37.910000000000004,3
2037,4,23.38,9
2038,3,55.0,1
2039,3,21.3,2
2040,3,42.8,2
2041,3,48.67,7
2042,3,101.96,13
2042,4,48.06,6
2043,3,34.3,1
2044,3,33.7,3
2045,3,13.18,2
2045,4,13.04,4
2046,3,16.48,5
2047,3,44.42,3
2047,4,39.6,4
2048,3,125.57000000000001,12
2049,3,22.3,2
2049,4,30.939999999999998,3
2050,3,69.43,8
2050,4,41.63,3
2051,3,22.2,3
2052,3,43.37,4
2053,3,51.75,9
2053,4,40.97,10
2054,3,23.3,2
2054,4,29.4,4
2055,3,26.1,3
2056,3,21.9,2
2057,3,13.8,3
2058,3,44.7,3
2059,3,12.9,1
2060,3,37.7,5
2061,3,33.980000000000004,5
2061,4,61.29,10
2062,3,76.24,24
2062,4,154.42,11
2063,3,156.73,14
2064,3,39.83,10
2064,4,35.26,7
2065,3,56.5,8
2066,3,34.8,2
2067,3,53.0,1
2068,3,42.3,5
2069,3,23.4,2
2070,3,43.0,4
2071,3,279.7,6
2072,3,49.0,1
2072,4,115.5,4
2073,3,51.58,5
2074,3,53.62,7
2075,3,48.5,3
2076,3,9.56,4
2077,3,13.600000000000001,2
2078,3,22.18,5
2079,3,86.94,11
2080,3,94.82000000000001,12
2080,4,167.14000000000001,19
2081,3,70.7,2
2082,3,17.9,1
2083,3,25.1,8
2084,3,38.36,6
2085,3,93.14,14
2086,3,23.67,6
2087,3,85.10000000000001,6
2088,3,47.05,2
2089,3,21.4,4
2090,3,40.6,6
2091,3,104.7,12
2092,3,39.8,2
2093,3,5.199999999999999,2
2094,3,36.53,10
2095,3,39.08,6
2096,3,73.8,7
2097,3,88.0,2
2098,3,30.99,6
2099,3,70.45,6
2099,4,62.940000000000005,6
2100,3,17.0,3
2101,3,25.470000000000002,6
2102,3,65.03999999999999,7
2103,3,59.63,3
2103,4,61.55,6
2104,3,14.9,2
2104,4,31.76,4
2105,3,67.37,8
2105,4,106.05,12
2106,3,10.59,1
2107,3,38.15,3
2107,4,65.2,7
2108,3,98.5,6
2109,3,29.64,3
2110,3,165.4,14
2110,4,84.5,5
2111,3,24.15,3
2112,3,18.1,3
2113,3,47.8,8
2113,4,2.78,2
2114,3,39.78,4
2115,3,33.53,4
2115,4,236.87,13
2116,3,28.9,2
2117,3,101.4,8
2118,3,78.13,7
2118,4,53.19,8
2119,3,222.0,2
2120,3,3.9,1
2121,3,3.72,1
2122,3,106.60000000000001,4
2123,3,31.63,5
2123,4,126.16,23
2124,3,47.9,3
2125,3,150.44,17
2126,3,55.019999999999996,7
2127,3,22.580000000000002,3
2128,3,32.47,7
2129,3,30.78,2
2130,3,29.740000000000002,6
2131,3,63.8,2
2132,3,37.9,1
2133,3,36.36,5
2133,4,21.8,2
2134,3,79.6,3
2134,4,60.2,16
2135,3,14.7,1
2136,3,28.7,2
2137,3,38.3,3
2138,3,27.3,4
2139,3,57.57,3
2140,3,19.03,2
2141,3,28.7,2
2142,3,17.61,3
2143,3,6.9,1
2144,3,10.67,1
2145,3,40.21,6
2146,3,57.0,15
2147,3,13.0,1
2148,3,39.9,6
2149,3,32.8,3
2150,3,80.9,4
2151,3,139.8,1
2151,4,75.67,13
2152,3,96.60000000000001,2
2152,4,4.89,2
2153,3,136.78,5
2154,3,24.4,7
2154,4,79.1,4
2155,3,20.0,3
2156,3,79.08,5
2156,4,40.230000000000004,7
2157,3,19.53,4
2157,4,18.18,3
2158,3,45.6,5
2159,3,70.19,10
2159,4,100.53,17
2160,3,17.349999999999998,3
2161,3,19.9,1
2162,3,98.1,8
2162,4,69.73,7
2163,3,95.50999999999999,7
2164,3,97.3,10
2165,3,18.3,4
2166,3,12.9,3
2167,3,28.81,5
2168,3,169.74,9
2169,3,44.13,3
2170,3,29.58,5
2171,3,19.1,3
2172,3,34.2,6
2172,4,55.72,10
2173,3,42.7,10
2174,3,20.3,1
2175,3,44.18,10
2176,3,26.36,3
2177,3,47.45,2
2178,3,18.0,3
2179,3,109.0,2
2180,3,3.8,1
2180,4,49.76,6
2181,3,13.6,2
2182,3,2.34,1
2183,3,129.95,13
2184,3,79.84,15
2185,3,128.97,18
2185,4,62.25,4
2186,3,92.91,2
2187,3,32.85,8
2188,3,33.56,5
2189,3,138.8,8
2189,4,178.62,7
2190,3,33.629999999999995,5
2191,3,29.6,3
2192,3,12.62,3
2193,3,35.6,2
2193,4,41.7,2
2194,3,48.519999999999996,3
2194,4,44.730000000000004,5
2195,3,26.31,1
2196,3,43.0,1
2197,3,138.2,2
2198,4,28.9,2
2199,4,126.75,17
2200,4,24.96,7
2201,4,172.7,31
2202,4,22.18,3
2203,4,13.770000000000001,3
2204,4,132.05,3
2205,4,77.66,4
2206,4,47.48,9
2207,4,22.55,4
2208,4,34.8,7
2209,4,105.98,8
2210,4,154.21,19
2211,4,26.1,4
2212,4,34.53,6
2213,4,44.599999999999994,3
2214,4,90.86999999999999,5
2215,4,19.3,2
2216,4,18.1,4
2217,4,72.93,3
2218,4,33.089999999999996,2
2219,4,42.2,3
2220,4,25.92,2
2221,4,52.620000000000005,7
2222,4,74.23,12
2223,4,5.52,1
2224,4,8.83,4
2225,4,20.26,8
2226,4,29.200000000000003,3
2227,4,104.7,12
2228,4,335.92,9
2229,4,31.8,6
2230,4,211.82,10
2231,4,49.42,2
2232,4,78.38,12
2233,4,73.60000000000001,14
2234,4,18.17,5
2235,4,35.7,4
2236,4,2.4,1
2237,4,185.10000000000002,5
2238,4,17.0,3
2239,4,50.02,2
2240,4,19.42,6
2241,4,47.97,8
2242,4,74.9,2
2243,4,21.54,3
2244,4,21.8,1
2245,4,13.7,1
2246,4,69.6,1
2247,4,70.98,7
2248,4,405.63,12
2249,4,103.61,15
2250,4,46.42,4
2251,4,671.57,54
2252,4,104.6,32
2253,4,13.1,3
2254,4,20.2,3
2255,4,90.19,9
2256,4,55.97,2
2257,4,91.74,13
2258,4,274.88,10
2259,4,134.61,6
2260,4,77.15,4
2261,4,81.27,14
2262,4,168.1,10
2263,4,184.57999999999998,5
2264,4,225.47,21
2265,4,115.98,14
2266,4,74.4,5
2267,4,28.700000000000003,6
2268,4,78.53,4
2269,4,48.0,4
2270,4,14.600000000000001,2
2271,4,40.38,4
2272,4,5.79,1
2273,4,53.1,1
2274,4,95.91,19
2275,4,7.24,5
2276,4,23.9,2
2277,4,132.89000000000001,19
2278,4,17.7,2
2279,4,65.99,3
2280,4,11.850000000000001,3
2281,4,43.3,7
2282,4,91.7,3
2283,4,57.620000000000005,11
2284,4,23.94,4
2285,4,55.0,7
2286,4,13.55,3
2287,4,18.9,1
2288,4,36.65,5
2289,4,63.6,1
2290,4,19.98,4
2291,4,96.86,8
2292,4,18.42,5
2293,4,180.65,13
2294,4,85.16,8
2295,4,37.98,10
2296,4,131.44,12
2297,4,246.5,18
2298,4,87.04,5
2299,4,90.0,10
2300,4,79.16,4
2301,4,295.15,16
2302,4,90.42999999999999,7
2303,4,143.64000000000001,15
2304,4,377.6,6
2305,4,38.4,2
2306,4,5.19,1
2307,4,57.9,2
2308,4,106.2,16
2309,4,64.86,9
2310,4,83.62,5
2311,4,30.06,2
2312,4,11.07,3
2313,4,29.68,5
2314,4,12.69,5
2315,4,9.9,1
2316,4,31.1,4
2317,4,880.0,2
2318,4,82.55,8
2319,4,80.32,7
2320,4,18.79,9
2321,4,44.989999999999995,4
2322,4,12.7,2
2323,4,80.1,3
2324,4,11.580000000000002,3
2325,4,58.5,2
2326,4,7.07,1
2327,4,15.9,1
2328,4,51.52,5
2329,4,48.029999999999994,4
2330,4,108.77,23
2331,4,30.700000000000003,3
2332,4,89.02000000000001,6
2333,4,105.72,12
2334,4,95.57,9
2335,4,40.800000000000004,2
2336,4,37.9,5
2337,4,55.19,10
2338,4,69.65,14
2339,4,36.39,7
2340,4,25.380000000000003,3
2341,4,31.400000000000002,5
2342,4,83.88,14
2343,4,73.2,5
2344,4,138.66,13
2345,4,99.9,17
2346,4,67.3,2
2347,4,69.66,2
2348,4,78.57,8
2349,4,16.0,2
2350,4,32.8,6
2351,4,51.71,3
2352,4,36.1,3
2353,4,88.91999999999999,4
2354,4,9.3,1
2355,4,43.45,6
2356,4,69.9,2
2357,4,89.78,9
2358,4,64.5,18
2359,4,22.6,3
2360,4,94.64,14
2361,4,36.6,7
2362,4,262.07,25
2363,4,21.63,3
2364,4,184.37,17
2365,4,12.9,2
2366,4,19.23,3
2367,4,23.61,2
2368,4,45.28,4
2369,4,67.48,9
2370,4,64.8,1
2371,4,155.41,17
2372,4,691.0,10
2373,4,163.82,11
2374,4,128.96,7
2375,4,44.980000000000004,4
2376,4,21.490000000000002,4
2377,4,57.61,3
2378,4,217.01000000000002,14
2379,4,60.21,7
2380,4,60.620000000000005,9
2381,4,19.5,4
2382,4,9.9,1
2383,4,28.939999999999998,7
2384,4,16.9,1
2385,4,32.1,5
2386,4,106.06,16
2387,4,68.24,7
2388,4,47.510000000000005,9
2389,4,31.02,3
2390,4,94.11,14
2391,4,27.6,6
2392,4,57.599999999999994,9
2393,4,77.69,2
2394,4,13.5,3
2395,4,72.36,4
2396,4,80.92,10
2397,4,117.23,6
2398,4,94.9,2
2399,4,11.100000000000001,2
2400,4,11.9,2
2401,4,30.08,3
2402,4,96.60000000000001,2
2403,4,32.54,13
2404,4,29.13,3
2405,4,134.03,20
2406,4,10.49,5
2407,4,76.77,11
2408,4,118.39,9
2409,4,57.71,6
2410,4,38.4,6
2411,4,58.52,4
2412,4,3.62,1
2413,4,73.7,6
2414,4,66.64999999999999,7
2415,4,75.75999999999999,5
2416,4,30.42,5
2417,4,19.6,1
2418,4,18.83,2
2419,4,2.6100000000000003,2
2420,4,85.59,8
2421,4,17.0,1
2422,4,58.9,5
2423,4,86.89,5
2424,4,71.03999999999999,13
2425,4,351.28000000000003,30
2426,4,90.2,5
2427,4,35.11,4
2428,4,77.3,11
2429,4,50.91,7
2430,4,11.18,3
2431,4,103.86,15
2432,4,12.2,2
2433,4,155.56,27
2434,4,291.18,12
2435,4,92.6,12
2436,4,65.41,4
2437,4,27.9,4
2438,4,128.86,5
2439,4,8.48,2
2440,4,19.6,5
2441,4,55.0,1
2442,4,140.1,3
2443,4,1.9,1
2444,4,59.67000000000001,7
2445,4,33.47,5
2446,4,94.28,6
2447,4,25.8,4
2448,4,37.89,2
2449,4,53.9,2
2450,4,19.700000000000003,4
2451,4,24.200000000000003,2
2452,4,72.52,10
2453,4,81.39,2
2454,4,220.0,1
2455,4,57.5,10
2456,4,126.39,15
2457,4,21.67,6
2458,4,203.2,4
2459,4,41.75,2
2460,4,118.6,10
2461,4,136.6,3
2462,4,151.8,3
2463,4,30.42,3
2464,4,189.89,28
2465,4,71.05,5
2466,4,21.200000000000003,2
2467,4,76.5,2
2468,4,21.05,2
2469,4,16.23,2
2470,4,47.6,2
2471,4,33.01,4
2472,4,52.0,1
2473,4,25.99,2
2474,4,23.4,4
2475,4,71.7,9
2476,4,29.0,2
2477,4,46.46,2
2478,4,19.9,3
2479,4,14.329999999999998,4
2480,4,23.200000000000003,2
2481,4,63.9,2
2482,4,54.89,6
2483,4,78.9,2
2484,4,7.74,3
2485,4,64.25,4
2486,4,64.97,7
2487,4,13.7,2
2488,4,25.75,5
2489,4,65.63,4
2490,4,58.3,3
2491,4,41.269999999999996,4
2492,4,94.36,7
2493,4,80.14,4
2494,4,34.81,4
2495,4,24.700000000000003,3
2496,4,39.47,3
2497,4,7.3,2
2498,4,67.5,1
2499,4,68.34,3
2500,4,123.69999999999999,3
2501,4,17.3,1
2502,4,86.61,11
2503,4,13.2,2
2504,4,14.8,2
2505,4,6.33,1
2506,4,30.8,1
2507,4,253.32,23
2508,4,197.07,26
2509,4,46.66,10
2510,4,11.05,1
2511,4,36.04,4
2512,4,2.0,1
2513,4,120.8,3
2514,4,9.81,2
2515,4,6.0,1
2516,4,289.61,5
2517,4,24.35,2
2518,4,44.46,7
2519,4,45.35,2
2520,4,46.120000000000005,2
2521,4,12.17,5
2522,4,370.2,5
2523,4,23.169999999999998,6
2524,4,45.83,7
2525,4,22.9,1
2526,4,63.31,10
2527,4,53.05,3
2528,4,5.7,1
2529,4,55.7,2
2530,4,25.94,7
2531,4,46.0,6
2532,4,49.8,11
2533,4,402.0,18
2534,4,23.8,2
2535,4,57.5,10
2536,4,19.8,2
2537,4,26.990000000000002,6
2538,4,74.2,8
2539,4,41.83,7
2540,4,37.870000000000005,3
2541,4,17.84,3
2542,4,49.09,4
2543,4,49.0,1
2544,4,86.9,1
2545,4,77.6,14
2546,4,71.47,8
2547,4,33.47,6
2548,4,15.8,2
2549,4,108.8,10
2550,4,281.5,24
2551,4,71.84,12
2552,4,65.5,6
2553,4,263.2,5
2554,4,53.9,2
2555,4,62.6,5
2556,4,43.21,4
2557,4,79.33,9
2558,4,3.5,1
2559,4,23.44,1
2560,4,104.49,9
2561,4,36.0,1
2562,4,18.0,3
2563,4,17.3,1
2564,4,36.39,3
2565,4,7.5,2
2566,4,46.72,8
2567,4,82.25,5
2568,4,12.32,2
2569,4,13.8,2
2570,4,55.5,8
2571,4,89.7,8
2572,4,19.36,6
2573,4,14.4,2
2574,4,19.270000000000003,4
2575,4,37.3,7
2576,4,51.1,4
2577,4,23.0,2
2578,4,4.77,2
2579,4,7.12,2
2580,4,57.2,2
2581,4,80.85,5
2582,4,163.2,13
2583,4,66.76,6
2584,4,15.9,1
2585,4,43.47,5
2586,4,119.2,11
2587,4,47.85,6
2588,4,49.099999999999994,3
2589,4,11.4,3
2590,4,110.64,14
2591,4,30.8,3
2592,4,26.05,5
2593,4,45.11,6
2594,4,53.64,2
2595,4,52.5,2
2596,4,15.9,1
2597,4,19.8,3
2598,4,14.9,2
2599,4,57.02,4
2600,4,50.9,1
2601,4,96.8,3
2602,4,79.5,15
2603,4,96.2,15
2604,4,109.4,9
2605,4,76.99000000000001,5
2606,4,59.0,1
2607,4,25.169999999999998,3
2608,4,59.88,3
2609,4,30.8,5
2610,4,15.8,2
2611,4,9.9,1
